Rk,Player,Pos,Age,Tm,G,GS,MP,FG,FGA,FG%,3P,3PA,3P%,2P,2PA,2P%,eFG%,FT,FTA,FT%,ORB,DRB,TRB,AST,STL,BLK,TOV,PF,PTS
1,Alex Abrines\abrinal01,SG,25,OKC,31,2,19.0,1.8,5.1,.357,1.3,4.1,.323,0.5,1.0,.500,.487,0.4,0.4,.923,0.2,1.4,1.5,0.6,0.5,0.2,0.5,1.7,5.3
2,Quincy Acy\acyqu01,PF,28,PHO,10,0,12.3,0.4,1.8,.222,0.2,1.5,.133,0.2,0.3,.667,.278,0.7,1.0,.700,0.3,2.2,2.5,0.8,0.1,0.4,0.4,2.4,1.7
3,Jaylen Adams\adamsja01,PG,22,ATL,26,0,11.2,1.0,2.8,.375,0.8,2.1,.389,0.2,0.7,.333,.521,0.1,0.2,.500,0.3,1.3,1.6,1.7,0.2,0.1,0.7,1.1,3.0
4,Steven Adams\adamsst01,C,25,OKC,71,71,33.7,6.1,10.1,.599,0.0,0.0,.000,6.1,10.1,.600,.599,1.9,3.8,.517,4.8,4.7,9.5,1.6,1.5,0.9,1.8,2.6,14.1
5,Bam Adebayo\adebaba01,C,21,MIA,73,20,22.8,3.2,5.6,.576,0.0,0.2,.091,3.2,5.5,.589,.577,2.1,2.8,.736,2.0,5.0,6.9,2.3,0.8,0.8,1.5,2.5,8.6
6,Deng Adel\adelde01,SF,21,CLE,15,3,12.1,0.6,2.2,.273,0.3,1.4,.238,0.3,0.8,.333,.348,0.1,0.1,1.000,0.1,1.0,1.1,0.3,0.1,0.3,0.3,0.8,1.7
7,DeVaughn Akoon-Purcell\akoonde01,SG,25,DEN,7,0,3.1,0.4,1.4,.300,0.0,0.6,.000,0.4,0.9,.500,.300,0.1,0.3,.500,0.1,0.4,0.6,0.9,0.3,0.0,0.3,0.6,1.0
8,LaMarcus Aldridge\aldrila01,C,33,SAS,72,72,33.0,8.3,16.1,.515,0.1,0.5,.265,8.1,15.6,.522,.519,4.3,5.1,.854,2.9,6.0,8.9,2.4,0.5,1.3,1.9,2.2,21.0
9,Rawle Alkins\alkinra01,SG,21,CHI,3,0,2.0,0.3,1.3,.250,0.3,0.3,1.000,0.0,1.0,.000,.375,0.0,0.0,,1.0,0.0,1.0,0.7,0.3,0.0,0.0,0.3,1.0
10,Grayson Allen\allengr01,SG,23,UTA,32,1,9.4,1.2,3.7,.325,0.7,2.3,.297,0.5,1.3,.372,.419,0.9,1.3,.700,0.0,0.3,0.3,0.6,0.1,0.1,0.6,1.1,3.9
11,Jarrett Allen\allenja01,C,20,BRK,72,72,26.6,4.3,7.3,.589,0.1,0.6,.140,4.2,6.7,.629,.595,2.5,3.5,.717,2.5,6.0,8.4,1.4,0.6,1.6,1.3,2.4,11.2
12,Kadeem Allen\allenka01,SG,26,NYK,14,1,22.2,3.4,7.4,.456,0.8,1.6,.478,2.6,5.7,.450,.510,1.6,2.1,.733,0.4,2.1,2.5,3.9,0.9,0.1,1.3,2.4,9.1
13,Al-Farouq Aminu\aminual01,PF,28,POR,72,72,28.7,3.2,7.2,.442,1.3,3.5,.359,1.9,3.7,.521,.529,1.8,2.1,.853,1.4,6.0,7.4,1.3,0.9,0.4,0.9,1.9,9.4
14,Justin Anderson\anderju01,SF,25,ATL,40,0,7.5,1.0,2.6,.390,0.3,1.2,.204,0.8,1.4,.554,.438,0.4,0.5,.762,0.3,0.9,1.2,0.4,0.4,0.2,0.4,0.9,2.7
15,Kyle Anderson\anderky01,SF,25,MEM,43,40,29.8,3.5,6.4,.543,0.2,0.8,.265,3.3,5.6,.583,.560,0.9,1.5,.578,1.1,4.7,5.8,3.0,1.3,0.9,1.3,2.6,8.0
16,Ryan Anderson\anderry01,PF,30,TOT,22,8,14.0,1.0,3.0,.313,0.4,1.7,.237,0.5,1.3,.414,.381,0.5,0.7,.750,0.7,1.5,2.2,0.9,0.2,0.0,0.6,1.1,2.9
16,Ryan Anderson\anderry01,PF,30,PHO,15,8,18.5,1.3,4.0,.317,0.5,2.3,.206,0.8,1.7,.462,.375,0.7,0.9,.786,0.9,2.1,3.0,1.1,0.2,0.1,0.8,1.5,3.7
16,Ryan Anderson\anderry01,PF,30,MIA,7,0,4.4,0.3,1.0,.286,0.3,0.6,.500,0.0,0.4,.000,.429,0.1,0.3,.500,0.3,0.1,0.4,0.3,0.1,0.0,0.3,0.3,1.0
17,Ike Anigbogu\anigbik01,C,20,IND,3,0,2.0,0.0,1.0,.000,0.0,0.0,,0.0,1.0,.000,.000,0.0,0.0,,0.3,0.7,1.0,0.3,0.0,0.3,0.3,0.0,0.0
18,Giannis Antetokounmpo\antetgi01,PF,24,MIL,66,66,32.9,10.0,17.2,.581,0.7,2.7,.249,9.3,14.6,.642,.600,6.8,9.3,.725,2.3,10.3,12.6,6.0,1.3,1.4,3.8,3.3,27.5
19,Kostas Antetokounmpo\antetko01,PF,21,DAL,2,0,5.5,0.0,1.5,.000,0.0,0.0,,0.0,1.5,.000,.000,1.0,2.0,.500,0.0,0.5,0.5,0.0,1.0,0.0,0.5,0.0,1.0
20,Carmelo Anthony\anthoca01,PF,34,HOU,10,2,29.4,4.9,12.1,.405,2.1,6.4,.328,2.8,5.7,.491,.492,1.5,2.2,.682,0.9,4.5,5.4,0.5,0.4,0.7,0.8,3.2,13.4
21,OG Anunoby\anunoog01,SF,21,TOR,62,6,20.4,2.8,6.2,.454,1.0,3.1,.340,1.8,3.1,.568,.539,0.5,0.9,.536,0.9,2.1,3.0,0.7,0.7,0.3,0.8,2.1,7.1
22,Ryan Arcidiacono\arcidry01,PG,24,CHI,73,28,24.3,2.1,4.7,.442,1.0,2.7,.371,1.1,2.1,.533,.546,1.0,1.2,.859,0.3,2.3,2.6,3.3,0.8,0.1,0.8,2.1,6.2
23,Trevor Ariza\arizatr01,SF,33,TOT,68,68,34.4,4.3,10.8,.399,2.1,6.3,.334,2.2,4.4,.492,.497,1.9,2.4,.791,0.7,4.7,5.5,3.7,1.3,0.3,1.6,1.9,12.6
23,Trevor Ariza\arizatr01,SF,33,PHO,26,26,34.0,3.3,8.7,.379,1.9,5.3,.360,1.4,3.4,.409,.489,1.4,1.7,.837,0.6,5.0,5.6,3.3,1.5,0.3,1.5,1.7,9.9
23,Trevor Ariza\arizatr01,SF,33,WAS,42,42,34.7,4.9,12.0,.408,2.2,7.0,.322,2.7,5.1,.526,.501,2.2,2.9,.775,0.8,4.6,5.4,3.9,1.3,0.3,1.6,2.0,14.3
24,D.J. Augustin\augusdj01,PG,31,ORL,72,72,27.9,3.9,8.2,.473,1.6,3.8,.426,2.3,4.4,.514,.573,2.3,2.6,.868,0.5,1.8,2.3,5.1,0.6,0.0,1.5,1.4,11.7
25,Deandre Ayton\aytonde01,C,20,PHO,68,67,30.8,7.2,12.3,.586,0.0,0.1,.000,7.2,12.3,.589,.586,2.0,2.7,.746,3.2,7.1,10.3,1.8,0.9,0.9,1.7,3.0,16.5
26,Dwayne Bacon\bacondw01,SG,23,CHO,33,3,14.2,2.1,4.5,.456,0.5,1.2,.462,1.5,3.3,.455,.517,0.8,1.1,.743,0.2,1.8,1.9,1.0,0.2,0.1,0.4,1.5,5.5
27,Marvin Bagley\baglema01,PF,19,SAC,53,2,24.8,5.5,10.7,.519,0.4,1.4,.293,5.1,9.2,.553,.538,3.0,4.2,.711,2.5,4.8,7.3,1.0,0.6,1.0,1.6,2.0,14.5
28,Ron Baker\bakerro01,SG,25,TOT,15,0,10.1,0.3,1.3,.200,0.1,0.9,.077,0.2,0.5,.429,.225,0.3,0.4,.833,0.1,0.7,0.7,1.0,0.4,0.1,0.3,1.2,0.9
28,Ron Baker\bakerro01,SG,25,NYK,11,0,9.7,0.4,1.5,.250,0.1,0.8,.111,0.3,0.6,.429,.281,0.5,0.5,.833,0.1,0.5,0.6,1.2,0.5,0.0,0.3,1.5,1.3
28,Ron Baker\bakerro01,SG,25,WAS,4,0,11.3,0.0,1.0,.000,0.0,1.0,.000,0.0,0.0,,.000,0.0,0.0,,0.0,1.0,1.0,0.5,0.3,0.3,0.5,0.5,0.0
29,Wade Baldwin\baldwwa01,PG,22,POR,16,0,5.9,0.6,2.1,.303,0.1,0.6,.222,0.5,1.5,.333,.333,0.5,0.7,.727,0.1,0.8,0.9,0.8,0.1,0.1,0.9,0.7,1.9
30,Lonzo Ball\balllo01,PG,21,LAL,47,45,30.3,3.9,9.7,.406,1.6,4.9,.329,2.3,4.9,.482,.488,0.4,1.0,.417,1.1,4.2,5.3,5.4,1.5,0.4,2.2,2.4,9.9
31,Mohamed Bamba\bambamo01,C,20,ORL,47,1,16.3,2.5,5.2,.481,0.4,1.5,.300,2.0,3.7,.555,.525,0.8,1.3,.587,1.4,3.6,5.0,0.8,0.3,1.4,0.9,2.2,6.2
32,J.J. Barea\bareajo01,PG,34,DAL,38,0,19.8,4.2,10.1,.418,1.0,3.4,.297,3.2,6.8,.479,.468,1.4,2.1,.705,0.3,2.2,2.5,5.6,0.6,0.0,1.9,1.3,10.9
33,Harrison Barnes\barneha02,PF-SF,26,TOT,67,67,33.2,5.8,13.8,.420,2.3,6.0,.389,3.5,7.8,.444,.504,3.1,3.7,.828,0.8,4.0,4.8,1.5,0.7,0.2,1.3,1.6,17.0
33,Harrison Barnes\barneha02,PF,26,DAL,49,49,32.3,5.9,14.6,.404,2.5,6.3,.389,3.4,8.3,.416,.489,3.4,4.0,.833,0.7,3.5,4.2,1.3,0.7,0.2,1.4,1.6,17.7
33,Harrison Barnes\barneha02,SF,26,SAC,18,18,35.4,5.4,11.5,.473,1.9,5.0,.389,3.5,6.5,.538,.558,2.3,2.9,.808,0.9,5.6,6.4,2.0,0.8,0.1,1.1,1.7,15.2
34,Will Barton\bartowi01,SG,28,DEN,32,27,28.2,4.6,11.1,.414,1.7,4.7,.353,2.9,6.4,.459,.489,1.7,2.0,.831,0.8,4.2,5.0,3.2,0.5,0.6,1.6,2.0,12.5
35,Keita Bates-Diop\bateske01,SF,23,MIN,21,3,15.7,1.9,4.3,.429,0.3,1.6,.176,1.6,2.7,.579,.462,0.6,1.0,.650,0.5,2.0,2.5,0.5,0.4,0.5,0.4,0.8,4.6
36,Nicolas Batum\batumni01,SF,30,CHO,70,69,32.1,3.6,7.9,.452,1.6,4.2,.392,1.9,3.7,.519,.555,1.1,1.3,.865,1.0,4.3,5.3,3.4,1.0,0.6,1.6,1.9,9.9
37,Jerryd Bayless\bayleje01,PG,30,MIN,28,6,19.4,2.3,6.6,.342,0.9,3.0,.294,1.4,3.5,.384,.410,0.3,0.4,.583,0.4,1.5,1.8,3.3,0.5,0.1,1.0,1.6,5.6
38,Aron Baynes\baynear01,C,32,BOS,43,10,14.7,1.9,4.2,.458,0.4,1.3,.309,1.5,2.9,.524,.506,1.0,1.3,.833,1.6,2.6,4.2,1.1,0.2,0.6,0.7,2.4,5.3
39,Kent Bazemore\bazemke01,SG,29,ATL,60,35,25.0,4.3,10.4,.411,1.4,4.5,.315,2.9,6.0,.483,.478,2.0,2.8,.733,0.6,3.4,4.0,2.3,1.4,0.7,1.9,2.6,12.0
40,Bradley Beal\bealbr01,SG,25,WAS,74,74,37.6,9.4,19.8,.475,2.6,7.4,.352,6.8,12.4,.549,.541,4.5,5.5,.818,1.1,4.0,5.2,5.6,1.5,0.7,2.9,2.9,25.9
41,Malik Beasley\beaslma01,SG,22,DEN,71,18,23.7,4.4,9.1,.485,2.1,5.0,.417,2.3,4.1,.569,.600,0.6,0.7,.902,0.4,2.1,2.6,1.3,0.6,0.1,0.6,1.6,11.5
42,Michael Beasley\beaslmi01,PF,30,LAL,26,2,10.7,2.9,5.9,.490,0.1,0.7,.176,2.8,5.2,.529,.500,1.1,1.5,.718,0.5,1.8,2.3,1.0,0.3,0.4,1.0,1.6,7.0
43,Marco Belinelli\belinma01,SG,32,SAS,71,1,23.1,3.7,8.7,.422,1.9,5.0,.382,1.8,3.8,.474,.531,1.5,1.7,.909,0.2,2.3,2.5,1.7,0.5,0.1,0.9,1.5,10.8
44,Jordan Bell\belljo01,C,24,GSW,60,2,11.4,1.3,2.6,.523,0.0,0.0,.000,1.3,2.5,.530,.523,0.4,0.6,.595,0.8,1.9,2.7,1.1,0.3,0.7,0.6,1.2,3.0
45,DeAndre' Bembry\bembrde01,SG,24,ATL,74,15,23.7,3.2,7.4,.438,0.6,2.1,.292,2.6,5.3,.495,.479,0.9,1.4,.613,0.6,3.6,4.3,2.5,1.2,0.5,1.7,2.3,7.9
46,Dragan Bender\bendedr01,PF,21,PHO,38,19,15.3,1.5,3.5,.429,0.4,1.9,.194,1.1,1.6,.705,.481,0.4,0.8,.586,0.6,2.5,3.1,1.0,0.3,0.2,0.7,1.7,3.8
47,Dairis Bertans\bertada02,SG,29,NOP,5,0,9.2,0.8,2.6,.308,0.4,1.6,.250,0.4,1.0,.400,.385,0.0,0.0,,0.4,0.4,0.8,0.4,0.0,0.0,0.4,0.4,2.0
48,Davis Bertans\bertada01,PF,26,SAS,67,12,21.7,2.7,5.9,.448,1.9,4.4,.438,0.7,1.5,.480,.612,0.7,0.8,.870,0.3,3.2,3.6,1.3,0.5,0.5,0.5,1.7,8.0
49,Patrick Beverley\beverpa01,PG,30,LAC,73,44,27.7,2.5,6.1,.405,1.4,3.5,.388,1.1,2.6,.428,.517,1.3,1.7,.785,1.0,4.1,5.1,3.8,0.9,0.5,1.0,3.5,7.6
50,Khem Birch\birchkh01,C,26,ORL,41,0,12.2,1.6,2.7,.596,0.0,0.0,.000,1.6,2.6,.602,.596,1.1,1.5,.742,1.5,2.3,3.7,0.7,0.4,0.6,0.4,1.3,4.3
51,Bismack Biyombo\biyombi01,C,26,CHO,44,22,14.2,1.6,2.8,.585,0.0,0.0,,1.6,2.8,.585,.585,1.2,1.8,.654,1.5,3.0,4.5,0.5,0.2,0.9,0.5,2.0,4.4
52,Nemanja Bjelica\bjeline01,PF,30,SAC,68,61,23.6,3.7,7.8,.470,1.4,3.5,.403,2.3,4.4,.524,.559,0.9,1.2,.759,1.7,4.4,6.1,2.0,0.7,0.8,1.2,2.6,9.7
53,Antonio Blakeney\blakean01,SG,22,CHI,52,2,14.0,2.8,6.6,.426,0.7,1.5,.425,2.2,5.1,.426,.475,0.8,1.3,.677,0.1,1.6,1.7,0.6,0.2,0.2,0.6,0.7,7.2
54,Eric Bledsoe\bledser01,PG,29,MIL,71,71,29.4,6.0,12.5,.481,1.5,4.8,.315,4.5,7.7,.584,.541,2.3,3.0,.744,1.1,3.6,4.7,5.4,1.5,0.3,2.1,2.0,15.8
55,Jaron Blossomgame\blossja01,SF,25,CLE,27,4,16.3,1.7,3.9,.443,0.4,1.4,.256,1.4,2.5,.552,.491,0.4,0.5,.769,1.0,2.7,3.6,0.5,0.3,0.3,0.4,0.7,4.2
56,Bogdan Bogdanovic\bogdabo01,SG,26,SAC,60,17,27.8,5.1,12.5,.410,1.8,5.3,.339,3.3,7.1,.463,.482,2.0,2.4,.830,0.5,3.1,3.5,3.8,1.1,0.2,1.8,2.2,14.0
57,Bojan Bogdanovic\bogdabo02,SF,29,IND,73,73,31.8,6.3,12.8,.493,2.0,4.7,.416,4.4,8.1,.538,.570,3.1,3.8,.806,0.4,3.7,4.1,1.9,0.8,0.0,1.6,1.8,17.7
58,Andrew Bogut\bogutan01,C,34,GSW,3,2,13.7,1.7,5.3,.313,0.0,0.0,,1.7,5.3,.313,.313,1.0,1.0,1.000,2.0,4.7,6.7,1.7,0.3,0.0,1.0,2.7,4.3
59,Jonah Bolden\boldejo01,PF,23,PHI,37,6,13.2,1.6,3.2,.500,0.6,1.9,.333,1.0,1.4,.725,.596,0.3,0.6,.476,0.9,2.6,3.5,0.8,0.4,0.9,0.8,2.3,4.1
60,Isaac Bonga\bongais01,PG,19,LAL,13,0,3.5,0.2,1.0,.154,0.0,0.2,.000,0.2,0.8,.200,.154,0.5,0.7,.667,0.3,0.5,0.8,0.5,0.2,0.1,0.3,0.2,0.8
61,Devin Booker\bookede01,SG,22,PHO,59,59,35.2,8.8,19.3,.454,2.1,6.5,.320,6.7,12.9,.521,.507,6.0,6.9,.859,0.6,3.6,4.2,6.8,0.9,0.2,4.1,3.1,25.6
62,Chris Boucher\bouchch01,PF,26,TOR,24,0,5.3,1.0,2.5,.410,0.4,1.3,.323,0.6,1.3,.500,.492,0.5,0.6,.867,0.6,1.1,1.7,0.0,0.3,0.9,0.1,1.0,3.0
63,Avery Bradley\bradlav01,SG,28,TOT,63,63,30.2,3.9,9.7,.408,1.4,3.9,.351,2.6,5.8,.446,.479,0.7,0.8,.860,0.7,2.1,2.8,2.4,0.7,0.3,1.4,2.7,9.9
63,Avery Bradley\bradlav01,SG,28,LAC,49,49,29.9,3.3,8.6,.383,1.2,3.5,.337,2.1,5.1,.415,.452,0.4,0.5,.800,0.7,2.0,2.7,2.0,0.6,0.3,1.2,2.7,8.2
63,Avery Bradley\bradlav01,SG,28,MEM,14,14,31.6,6.2,13.4,.463,2.0,5.2,.384,4.2,8.2,.513,.537,1.6,1.8,.920,0.6,2.6,3.1,4.0,1.0,0.0,2.0,2.4,16.1
64,Tony Bradley\bradlto01,C,21,UTA,1,0,9.0,0.0,3.0,.000,0.0,0.0,,0.0,3.0,.000,.000,0.0,0.0,,2.0,1.0,3.0,0.0,0.0,0.0,1.0,1.0,0.0
65,Corey Brewer\breweco01,SF,32,TOT,21,3,16.2,2.0,4.4,.441,0.5,1.8,.270,1.5,2.7,.554,.495,1.4,1.9,.744,0.4,1.4,1.8,1.2,1.0,0.2,0.6,2.3,5.8
65,Corey Brewer\breweco01,SF,32,PHI,7,3,20.0,2.9,7.0,.408,0.6,2.0,.286,2.3,5.0,.457,.449,1.3,1.9,.692,0.6,1.9,2.4,1.4,1.7,0.3,1.1,2.3,7.6
65,Corey Brewer\breweco01,SF,32,SAC,14,0,14.3,1.5,3.1,.477,0.4,1.6,.261,1.1,1.5,.714,.545,1.4,1.9,.769,0.3,1.2,1.5,1.1,0.6,0.2,0.3,2.4,4.9
66,Mikal Bridges\bridgmi01,SF,22,PHO,74,48,28.7,2.9,6.7,.436,1.3,3.8,.338,1.6,2.8,.569,.533,1.1,1.4,.794,0.7,2.5,3.2,2.1,1.6,0.4,0.9,2.5,8.2
67,Miles Bridges\bridgmi02,SF,20,CHO,70,15,19.6,2.7,6.0,.455,0.7,2.3,.315,2.0,3.7,.543,.515,0.7,1.0,.739,0.8,3.1,3.9,1.0,0.6,0.5,0.6,1.3,6.9
68,Isaiah Briscoe\briscis01,PG,22,ORL,39,0,14.3,1.4,3.5,.399,0.3,0.9,.324,1.1,2.7,.423,.438,0.4,0.7,.577,0.1,1.8,1.9,2.2,0.3,0.1,0.8,1.7,3.5
69,Ryan Broekhoff\broekry01,SG,28,DAL,34,0,8.8,1.2,2.6,.461,0.8,2.0,.403,0.4,0.6,.636,.612,0.2,0.2,.857,0.1,1.1,1.2,0.5,0.1,0.1,0.3,0.7,3.4
70,Malcolm Brogdon\brogdma01,SG,26,MIL,64,64,28.6,5.9,11.7,.505,1.6,3.8,.426,4.3,7.9,.544,.575,2.2,2.4,.928,1.0,3.5,4.5,3.2,0.7,0.2,1.4,1.6,15.6
71,Dillon Brooks\brookdi01,SF,23,MEM,18,0,18.3,2.7,6.8,.402,0.8,2.2,.375,1.9,4.6,.415,.463,1.2,1.7,.733,0.5,1.2,1.7,0.9,0.6,0.2,1.1,2.8,7.5
72,MarShon Brooks\brookma01,SG,30,MEM,29,0,13.3,2.6,5.8,.450,0.5,1.9,.278,2.1,4.0,.530,.494,0.8,1.1,.697,0.4,1.1,1.6,0.9,0.3,0.1,0.7,1.1,6.6
73,Bruce Brown\brownbr01,SG,22,DET,64,46,19.6,1.7,4.5,.389,0.3,1.3,.259,1.4,3.1,.445,.428,0.6,0.8,.706,0.7,1.9,2.6,1.3,0.5,0.5,0.7,2.5,4.4
74,Jaylen Brown\brownja02,SG,22,BOS,68,24,26.0,5.0,10.8,.466,1.3,3.8,.342,3.8,7.0,.532,.526,1.8,2.7,.669,0.9,3.4,4.3,1.4,0.9,0.5,1.3,2.6,13.2
75,Lorenzo Brown\brownlo01,PG,28,TOR,26,0,8.2,0.9,2.7,.324,0.2,1.1,.214,0.7,1.7,.395,.366,0.1,0.1,1.000,0.2,1.0,1.2,1.1,0.5,0.2,0.6,0.8,2.1
76,Sterling Brown\brownst02,SG,23,MIL,49,0,16.0,2.0,4.5,.452,0.8,2.3,.357,1.2,2.2,.551,.543,0.4,0.5,.692,0.5,2.3,2.8,1.3,0.4,0.1,0.7,1.3,5.2
77,Troy Brown\browntr01,SF,19,WAS,44,2,11.0,1.4,3.5,.404,0.3,1.0,.262,1.2,2.6,.456,.439,0.6,0.8,.730,0.6,1.9,2.5,1.4,0.3,0.1,0.5,0.9,3.7
78,Jalen Brunson\brunsja01,PG,22,DAL,65,31,21.0,3.5,7.4,.468,0.8,2.4,.351,2.6,5.1,.523,.524,1.1,1.5,.750,0.4,2.0,2.3,2.9,0.5,0.1,1.1,1.7,8.9
79,Thomas Bryant\bryanth01,C,21,WAS,64,45,19.5,4.0,6.5,.620,0.4,1.2,.342,3.6,5.3,.682,.651,1.5,1.8,.817,1.5,4.3,5.8,1.1,0.4,0.9,0.7,1.7,9.9
80,Reggie Bullock\bullore01,SG,27,TOT,61,60,29.9,3.8,9.4,.408,2.3,6.2,.371,1.5,3.2,.482,.531,1.2,1.4,.855,0.4,2.4,2.7,2.1,0.6,0.2,1.0,1.7,11.1
80,Reggie Bullock\bullore01,SG,27,DET,44,44,30.8,4.1,10.0,.413,2.6,6.7,.388,1.5,3.3,.463,.542,1.3,1.5,.875,0.5,2.3,2.8,2.5,0.5,0.1,1.2,1.8,12.1
80,Reggie Bullock\bullore01,SG,27,LAL,17,16,27.6,3.1,7.8,.394,1.6,5.1,.314,1.5,2.7,.543,.496,0.9,1.1,.789,0.1,2.5,2.6,1.0,0.8,0.4,0.6,1.6,8.6
81,Trey Burke\burketr01,PG,26,TOT,49,7,19.0,4.0,9.4,.422,0.8,2.4,.345,3.1,7.0,.449,.466,1.8,2.1,.837,0.5,1.2,1.7,2.5,0.6,0.1,0.9,0.9,10.5
81,Trey Burke\burketr01,PG,26,NYK,33,7,20.9,4.5,10.8,.413,0.9,2.6,.349,3.6,8.2,.434,.455,1.9,2.3,.827,0.5,1.4,1.9,2.8,0.6,0.2,0.9,1.0,11.8
81,Trey Burke\burketr01,PG,26,DAL,16,0,15.1,2.9,6.4,.451,0.7,2.1,.333,2.2,4.3,.507,.505,1.6,1.8,.862,0.5,0.9,1.4,1.8,0.6,0.1,0.9,0.8,8.0
82,Alec Burks\burksal01,SG,27,TOT,62,24,22.0,3.1,7.6,.405,1.0,2.7,.363,2.1,4.9,.428,.469,1.9,2.3,.823,0.5,3.3,3.7,2.0,0.6,0.3,1.0,1.5,9.0
82,Alec Burks\burksal01,SG,27,UTA,17,0,15.8,2.8,6.7,.412,0.9,2.5,.372,1.8,4.2,.437,.482,1.9,2.2,.868,0.1,1.5,1.6,1.2,0.4,0.2,0.9,1.3,8.4
82,Alec Burks\burksal01,SG,27,CLE,34,24,28.8,4.0,10.0,.400,1.3,3.5,.378,2.7,6.5,.412,.466,2.3,2.9,.806,0.8,4.7,5.5,2.9,0.7,0.5,1.4,1.8,11.6
82,Alec Burks\burksal01,SG,27,SAC,11,0,10.3,0.8,1.8,.450,0.0,0.5,.000,0.8,1.3,.643,.450,0.4,0.5,.800,0.1,1.5,1.6,0.7,0.6,0.1,0.4,0.6,2.0
83,Deonte Burton\burtode02,SG,25,OKC,27,0,8.5,1.2,2.9,.416,0.3,0.9,.333,0.9,2.0,.453,.468,0.3,0.4,.700,0.1,0.8,0.9,0.3,0.2,0.3,0.3,1.1,2.9
84,Jimmy Butler\butleji01,SF-SG,29,TOT,60,60,33.8,6.7,14.2,.470,1.1,3.1,.350,5.6,11.1,.503,.508,5.0,5.8,.861,1.8,3.3,5.2,4.1,1.9,0.6,1.5,1.7,19.4
84,Jimmy Butler\butleji01,SG,29,MIN,10,10,36.1,7.4,15.7,.471,1.7,4.5,.378,5.7,11.2,.509,.525,4.8,6.1,.787,1.6,3.6,5.2,4.3,2.4,1.0,1.4,1.8,21.3
84,Jimmy Butler\butleji01,SF,29,PHI,50,50,33.4,6.5,13.9,.470,0.9,2.8,.341,5.6,11.1,.502,.504,5.0,5.7,.877,1.9,3.3,5.1,4.0,1.8,0.5,1.5,1.7,19.0
85,Bruno Caboclo\cabocbr01,SF,23,MEM,25,11,21.0,2.1,5.3,.391,1.0,3.3,.305,1.1,2.0,.529,.485,0.9,1.2,.793,1.0,2.8,3.7,1.2,0.4,0.8,1.0,2.4,6.1
86,Jose Calderon\caldejo01,PG,37,DET,48,0,13.1,0.9,2.5,.378,0.3,1.2,.250,0.6,1.3,.492,.437,0.2,0.2,.818,0.2,1.0,1.3,2.4,0.3,0.1,0.7,1.3,2.4
87,Kentavious Caldwell-Pope\caldwke01,SG,25,LAL,72,13,23.5,3.4,7.9,.432,1.6,4.7,.343,1.8,3.3,.560,.533,1.6,1.8,.869,0.5,2.1,2.7,1.1,0.9,0.2,0.7,1.6,10.0
88,Isaiah Canaan\canaais01,PG,27,TOT,30,16,21.0,2.1,5.5,.390,1.1,3.2,.354,1.0,2.3,.441,.494,0.6,0.8,.792,0.2,1.7,1.9,2.8,0.5,0.1,1.2,1.7,6.0
88,Isaiah Canaan\canaais01,PG,27,PHO,19,15,26.5,2.7,6.8,.395,1.3,3.8,.347,1.4,3.0,.456,.492,0.8,1.1,.750,0.3,2.3,2.6,3.3,0.6,0.0,1.5,2.4,7.5
88,Isaiah Canaan\canaais01,PG,27,MIN,7,1,13.6,1.6,4.1,.379,1.0,2.7,.368,0.6,1.4,.400,.500,0.6,0.6,1.000,0.0,0.7,0.7,2.7,0.3,0.1,0.6,0.6,4.7
88,Isaiah Canaan\canaais01,PG,27,MIL,4,0,7.8,0.5,1.5,.333,0.5,1.3,.400,0.0,0.3,.000,.500,0.0,0.0,,0.3,0.8,1.0,0.8,0.0,0.3,0.5,0.5,1.5
89,Clint Capela\capelca01,C,24,HOU,58,58,34.1,7.1,11.1,.639,0.0,0.0,,7.1,11.1,.639,.639,2.5,3.9,.627,4.5,8.0,12.5,1.4,0.7,1.6,1.4,2.6,16.6
90,DeMarre Carroll\carrode01,SF,32,BRK,60,1,25.3,3.4,8.6,.394,1.6,4.6,.350,1.8,4.0,.445,.488,2.8,3.7,.756,1.0,4.3,5.3,1.3,0.5,0.1,1.1,1.6,11.2
91,Jevon Carter\carteje01,PG,23,MEM,30,3,14.5,1.1,4.2,.270,0.6,2.2,.269,0.5,2.0,.271,.341,0.4,0.5,.688,0.2,1.1,1.3,1.7,0.7,0.3,0.9,1.6,3.2
92,Vince Carter\cartevi01,SF,42,ATL,69,8,17.2,2.6,6.0,.432,1.6,4.0,.406,1.0,2.0,.486,.568,0.5,0.8,.673,0.4,2.1,2.5,1.1,0.6,0.3,0.6,1.9,7.3
93,Wendell Carter\cartewe01,C,19,CHI,44,44,25.2,4.1,8.4,.485,0.1,0.7,.188,4.0,7.7,.513,.493,2.0,2.5,.795,2.0,5.0,7.0,1.8,0.6,1.3,1.5,3.5,10.3
94,Michael Carter-Williams\cartemi01,PG,27,TOT,19,1,10.2,1.4,3.7,.386,0.4,1.2,.318,1.1,2.5,.417,.436,0.9,1.8,.500,0.2,1.2,1.4,1.5,0.5,0.4,0.7,1.6,4.1
94,Michael Carter-Williams\cartemi01,PG,27,HOU,16,1,9.1,1.6,3.8,.410,0.4,1.2,.368,1.1,2.6,.429,.467,0.8,1.6,.462,0.2,0.6,0.8,1.3,0.6,0.4,0.6,1.7,4.3
94,Michael Carter-Williams\cartemi01,PG,27,ORL,3,0,16.3,0.7,3.0,.222,0.0,1.0,.000,0.7,2.0,.333,.222,1.7,2.7,.625,0.3,4.3,4.7,2.3,0.3,0.7,1.0,1.3,3.0
95,Alex Caruso\carusal01,PG,24,LAL,15,0,15.5,1.8,3.9,.458,0.6,1.1,.529,1.2,2.8,.429,.534,1.8,2.2,.818,0.8,1.4,2.2,1.4,0.7,0.5,0.7,1.9,6.0
96,Omri Casspi\casspom01,SF,30,MEM,36,0,14.4,2.4,4.5,.534,0.4,1.2,.349,2.0,3.3,.602,.581,1.1,1.6,.672,0.5,2.7,3.2,0.7,0.6,0.3,0.6,1.0,6.3
97,Willie Cauley-Stein\caulewi01,C,25,SAC,72,72,27.6,5.2,9.4,.549,0.0,0.0,.500,5.2,9.4,.549,.549,1.7,3.2,.532,2.3,6.2,8.5,2.5,1.2,0.6,1.1,2.9,12.1
98,Troy Caupain\caupatr01,PG,23,ORL,3,0,4.0,1.0,2.0,.500,0.7,1.0,.667,0.3,1.0,.333,.667,0.0,0.0,,0.0,0.7,0.7,1.0,0.3,0.0,0.0,0.0,2.7
99,Tyler Cavanaugh\cavanty01,PF,24,UTA,8,0,2.4,0.3,0.8,.333,0.0,0.4,.000,0.3,0.4,.667,.333,0.3,0.3,1.000,0.1,0.4,0.5,0.0,0.0,0.0,0.1,0.0,0.8
100,Tyson Chandler\chandty01,C,36,TOT,54,6,15.9,1.1,1.8,.612,0.0,0.0,.000,1.1,1.8,.619,.612,0.9,1.6,.588,1.7,3.9,5.6,0.7,0.4,0.4,0.7,2.0,3.1
100,Tyson Chandler\chandty01,C,36,PHO,7,0,12.7,1.1,1.7,.667,0.0,0.0,,1.1,1.7,.667,.667,1.4,2.6,.556,1.0,4.6,5.6,0.9,0.3,0.1,1.0,3.0,3.7
100,Tyson Chandler\chandty01,C,36,LAL,47,6,16.4,1.1,1.8,.605,0.0,0.0,.000,1.1,1.8,.612,.605,0.9,1.4,.597,1.8,3.9,5.6,0.7,0.4,0.4,0.7,1.9,3.1
101,Wilson Chandler\chandwi01,PF-SF,31,TOT,42,32,24.3,2.3,5.4,.420,1.1,3.1,.369,1.1,2.3,.490,.527,0.3,0.4,.722,1.1,3.1,4.2,1.8,0.5,0.5,1.0,2.4,6.0
101,Wilson Chandler\chandwi01,PF,31,PHI,36,32,26.4,2.5,5.8,.440,1.3,3.3,.390,1.3,2.5,.506,.551,0.4,0.5,.722,1.2,3.4,4.7,2.0,0.6,0.5,1.1,2.6,6.7
101,Wilson Chandler\chandwi01,SF,31,LAC,6,0,11.5,0.7,3.2,.211,0.3,2.0,.167,0.3,1.2,.286,.263,0.0,0.0,,0.5,1.2,1.7,0.3,0.2,0.3,0.2,1.3,1.7
102,Joe Chealey\chealjo01,PG,23,CHO,1,0,8.0,1.0,3.0,.333,0.0,0.0,,1.0,3.0,.333,.333,0.0,0.0,,0.0,0.0,0.0,1.0,0.0,0.0,0.0,1.0,2.0
103,Marquese Chriss\chrisma01,PF,21,TOT,34,2,11.8,1.6,4.1,.376,0.4,1.9,.238,1.1,2.3,.487,.429,0.7,1.0,.735,0.9,2.3,3.2,0.6,0.3,0.3,0.9,1.9,4.3
103,Marquese Chriss\chrisma01,PF,21,HOU,16,0,6.5,0.7,2.1,.324,0.1,0.9,.067,0.6,1.2,.526,.338,0.4,0.4,.857,0.4,1.3,1.8,0.4,0.1,0.3,0.8,1.1,1.8
103,Marquese Chriss\chrisma01,PF,21,CLE,18,2,16.6,2.3,5.9,.393,0.8,2.7,.292,1.6,3.3,.475,.458,1.1,1.5,.704,1.3,3.2,4.5,0.8,0.5,0.4,1.1,2.6,6.5
104,Gary Clark\clarkga01,PF,24,HOU,44,2,13.4,1.0,2.8,.341,0.8,2.5,.306,0.2,0.3,.667,.480,0.2,0.2,1.000,0.5,1.9,2.4,0.4,0.4,0.6,0.1,1.0,2.8
105,Ian Clark\clarkia01,SG,27,NOP,52,0,14.0,2.0,5.1,.402,0.8,2.6,.321,1.2,2.4,.488,.485,0.5,0.5,.889,0.2,1.1,1.3,1.4,0.3,0.1,0.8,1.5,5.4
106,Jordan Clarkson\clarkjo01,SG,26,CLE,72,0,27.2,6.5,14.7,.446,1.9,5.7,.328,4.7,9.0,.521,.509,2.0,2.3,.852,1.0,2.4,3.4,2.3,0.7,0.2,1.7,1.4,17.0
107,John Collins\collijo01,PF,21,ATL,55,53,29.7,7.6,13.4,.565,0.9,2.5,.363,6.7,11.0,.610,.598,3.4,4.4,.764,3.6,6.1,9.7,1.9,0.4,0.5,1.9,3.3,19.4
108,Zach Collins\colliza01,C,21,POR,67,0,17.5,2.3,5.1,.459,0.5,1.5,.301,1.9,3.6,.527,.504,1.2,1.6,.755,1.4,2.8,4.2,0.9,0.3,0.8,1.0,2.4,6.3
109,Darren Collison\collida01,PG,31,IND,71,71,28.5,4.0,8.6,.472,1.0,2.5,.416,3.0,6.1,.495,.533,2.1,2.5,.839,0.5,2.6,3.1,6.0,1.5,0.1,1.6,1.8,11.3
110,Bonzie Colson\colsobo01,SF,23,MIL,1,0,3.0,0.0,1.0,.000,0.0,1.0,.000,0.0,0.0,,.000,0.0,0.0,,0.0,0.0,0.0,0.0,0.0,0.0,0.0,0.0,0.0
111,Mike Conley\conlemi01,PG,31,MEM,68,68,33.4,7.0,16.0,.436,2.2,6.1,.366,4.8,9.9,.479,.506,4.8,5.6,.848,0.6,2.9,3.4,6.4,1.4,0.3,1.9,1.8,20.9
112,Pat Connaughton\connapa01,SG,26,MIL,52,1,19.4,2.5,5.4,.454,1.0,3.1,.321,1.5,2.3,.633,.546,0.3,0.5,.692,0.8,2.9,3.8,2.0,0.4,0.4,0.5,1.3,6.3
113,Quinn Cook\cookqu01,PG,25,GSW,64,9,13.7,2.5,5.6,.438,1.0,2.6,.367,1.5,3.0,.497,.522,0.2,0.3,.750,0.3,1.8,2.1,1.5,0.3,0.0,0.6,1.2,6.1
114,DeMarcus Cousins\couside01,C,28,GSW,23,23,25.7,5.7,11.8,.485,0.7,2.9,.254,5.0,8.9,.561,.517,3.7,4.9,.759,1.4,6.5,7.9,3.6,1.2,1.5,2.3,3.7,15.9
115,Robert Covington\covinro01,SF,28,TOT,35,35,34.4,4.5,10.3,.431,2.4,6.4,.378,2.0,3.9,.518,.548,1.9,2.5,.764,0.8,4.7,5.5,1.3,2.1,1.3,1.3,3.6,13.3
115,Robert Covington\covinro01,SF,28,PHI,13,13,33.8,3.8,9.0,.427,2.3,5.9,.390,1.5,3.1,.500,.556,1.3,1.8,.739,0.5,4.6,5.2,1.1,1.8,1.8,1.7,3.5,11.3
115,Robert Covington\covinro01,SF,28,MIN,22,22,34.7,4.8,11.1,.433,2.5,6.7,.372,2.3,4.4,.526,.545,2.3,3.0,.773,1.0,4.8,5.7,1.5,2.3,1.1,1.1,3.7,14.5
116,Allen Crabbe\crabbal01,SG,26,BRK,43,20,26.3,3.2,8.7,.367,2.3,6.0,.378,0.9,2.7,.342,.499,1.0,1.3,.732,0.4,3.1,3.4,1.1,0.5,0.3,1.1,2.4,9.6
117,Torrey Craig\craigto01,SF,28,DEN,64,37,20.4,2.2,5.1,.440,0.8,2.6,.311,1.4,2.5,.571,.518,0.6,0.9,.661,1.2,2.4,3.6,1.0,0.5,0.6,0.7,2.3,5.8
118,Jamal Crawford\crawfja01,SG,38,PHO,58,0,17.6,2.2,6.0,.361,0.8,2.7,.291,1.4,3.2,.420,.428,1.2,1.4,.838,0.1,1.1,1.2,3.3,0.5,0.2,1.5,1.2,6.3
119,Mitch Creek\creekmi01,SF,26,BRK,4,0,9.0,1.3,2.5,.500,0.0,0.3,.000,1.3,2.3,.556,.500,1.3,1.8,.714,1.3,1.3,2.5,1.3,0.3,0.0,0.0,0.8,3.8
120,Jae Crowder\crowdja01,SF,28,UTA,72,8,27.6,4.0,10.2,.398,2.2,6.7,.329,1.8,3.5,.530,.506,1.8,2.5,.704,0.8,4.0,4.8,1.7,0.8,0.4,1.1,2.2,12.0
121,Dante Cunningham\cunnida01,PF,31,SAS,59,21,15.1,1.3,2.5,.493,0.5,1.1,.484,0.7,1.5,.500,.593,0.2,0.3,.778,0.8,2.3,3.1,0.8,0.4,0.2,0.4,1.2,3.3
122,Seth Curry\curryse01,SG,28,POR,66,2,17.8,2.5,5.7,.447,1.4,3.1,.446,1.2,2.6,.448,.566,0.6,0.7,.860,0.4,1.2,1.5,0.9,0.5,0.2,0.8,1.3,7.0
123,Stephen Curry\curryst01,PG,30,GSW,60,60,34.3,9.4,19.9,.471,5.1,12.0,.429,4.2,7.9,.534,.600,4.0,4.4,.912,0.7,4.6,5.3,5.3,1.4,0.4,2.9,2.5,27.8
124,Troy Daniels\danietr01,SG,27,PHO,43,1,13.3,2.1,4.9,.435,1.3,3.5,.383,0.8,1.4,.567,.572,0.4,0.5,.783,0.2,1.0,1.2,0.5,0.5,0.1,0.6,1.5,6.0
125,Anthony Davis\davisan02,C,25,NOP,55,55,33.3,9.5,18.4,.518,0.9,2.6,.333,8.7,15.8,.548,.542,6.3,7.9,.794,3.1,9.0,12.0,3.9,1.6,2.4,2.0,2.4,26.2
126,Deyonta Davis\davisde01,C,22,ATL,1,0,1.0,0.0,0.0,,0.0,0.0,,0.0,0.0,,,0.0,0.0,,0.0,0.0,0.0,0.0,0.0,0.0,0.0,0.0,0.0
127,Ed Davis\davised01,C,29,BRK,73,1,18.1,2.3,3.8,.606,0.0,0.0,.000,2.3,3.8,.610,.606,1.2,1.9,.600,2.7,5.9,8.6,0.8,0.5,0.4,0.8,2.8,5.8
128,Tyler Davis\davisty01,C,21,OKC,1,0,1.0,0.0,1.0,.000,0.0,0.0,,0.0,1.0,.000,.000,0.0,0.0,,1.0,0.0,1.0,0.0,0.0,0.0,0.0,0.0,0.0
129,Dewayne Dedmon\dedmode01,C,29,ATL,62,50,25.1,4.0,8.3,.486,1.3,3.4,.379,2.7,4.9,.561,.564,1.4,1.8,.807,1.7,5.8,7.5,1.4,1.1,1.1,1.3,3.3,10.8
130,Sam Dekker\dekkesa01,SF-PF,24,TOT,42,5,16.1,2.5,5.2,.493,0.4,1.1,.319,2.2,4.0,.541,.528,0.6,1.0,.585,1.0,2.1,3.2,1.0,0.8,0.2,0.5,0.9,6.0
130,Sam Dekker\dekkesa01,PF,24,CLE,9,5,18.8,2.4,5.3,.458,0.6,1.4,.385,1.9,3.9,.486,.510,0.9,1.1,.800,1.0,2.7,3.7,1.0,1.2,0.0,0.6,1.4,6.3
130,Sam Dekker\dekkesa01,SF,24,WAS,33,0,15.4,2.6,5.1,.503,0.3,1.0,.294,2.3,4.1,.556,.533,0.5,0.9,.516,1.1,2.0,3.0,0.9,0.7,0.2,0.4,0.8,5.9
131,Angel Delgado\delgaan01,C,24,LAC,1,0,14.0,1.0,4.0,.250,0.0,0.0,,1.0,4.0,.250,.250,1.0,2.0,.500,2.0,2.0,4.0,0.0,1.0,0.0,0.0,2.0,3.0
132,Matthew Dellavedova\dellama01,PG,28,TOT,48,0,16.9,2.0,5.0,.405,0.9,2.7,.338,1.1,2.3,.482,.496,0.9,1.1,.808,0.1,1.5,1.6,3.8,0.3,0.0,1.4,1.6,5.9
132,Matthew Dellavedova\dellama01,PG,28,MIL,12,0,8.1,0.5,1.6,.316,0.3,0.9,.364,0.2,0.7,.250,.421,0.3,0.3,1.000,0.0,0.8,0.8,2.4,0.2,0.0,0.9,0.8,1.7
132,Matthew Dellavedova\dellama01,PG,28,CLE,36,0,19.9,2.6,6.2,.413,1.1,3.3,.336,1.4,2.9,.500,.502,1.1,1.3,.792,0.2,1.7,1.9,4.2,0.3,0.1,1.6,1.8,7.3
133,Luol Deng\denglu01,SF,33,MIN,22,2,17.8,2.7,5.4,.500,0.6,2.0,.318,2.0,3.4,.608,.559,1.1,1.6,.714,0.9,2.4,3.3,0.8,0.7,0.4,0.6,1.1,7.1
134,DeMar DeRozan\derozde01,SG,29,SAS,68,68,35.1,8.3,17.5,.474,0.1,0.6,.163,8.2,16.8,.486,.477,4.8,5.8,.827,0.7,5.6,6.3,6.1,1.1,0.5,2.6,2.3,21.5
135,Marcus Derrickson\derrima01,PF,22,GSW,9,0,6.0,1.1,2.7,.417,0.6,1.6,.357,0.6,1.1,.500,.521,0.3,0.4,.750,0.6,0.3,0.9,0.1,0.0,0.1,0.3,1.0,3.1
136,Cheick Diallo\diallch01,PF,22,NOP,56,0,13.2,2.5,4.1,.607,0.0,0.1,.000,2.5,4.0,.615,.607,0.8,1.1,.742,1.1,3.9,5.0,0.4,0.5,0.6,0.7,1.6,5.8
137,Hamidou Diallo\diallha01,SG,20,OKC,48,3,10.9,1.6,3.4,.455,0.1,0.5,.167,1.5,2.9,.504,.467,0.8,1.2,.610,0.8,1.2,2.0,0.4,0.4,0.2,0.5,1.6,4.0
138,Gorgui Dieng\dienggo01,C,29,MIN,67,0,12.6,2.1,4.3,.484,0.2,0.7,.304,1.9,3.6,.519,.509,1.1,1.3,.849,1.0,2.9,3.9,0.8,0.6,0.5,0.6,1.7,5.4
139,Spencer Dinwiddie\dinwisp01,PG,25,BRK,60,4,28.2,5.6,12.4,.450,1.9,5.4,.356,3.7,7.0,.523,.528,4.3,5.5,.789,0.4,2.1,2.5,4.7,0.6,0.3,2.3,2.7,17.4
140,Donte DiVincenzo\divindo01,SG,22,MIL,27,0,15.2,1.9,4.6,.403,0.8,3.1,.265,1.0,1.5,.683,.492,0.3,0.4,.750,0.6,1.8,2.4,1.1,0.5,0.2,0.7,1.4,4.9
141,Luka Doncic\doncilu01,SG,19,DAL,68,68,32.2,7.0,16.4,.426,2.4,7.1,.333,4.6,9.3,.497,.498,4.7,6.7,.705,1.1,6.4,7.6,5.8,1.1,0.4,3.4,1.9,21.0
142,Tyler Dorsey\dorsety01,SG,22,TOT,39,2,10.9,1.6,4.0,.395,0.7,2.0,.333,0.9,2.0,.456,.478,0.6,1.0,.550,0.4,1.5,1.9,0.8,0.3,0.1,0.5,0.9,4.4
142,Tyler Dorsey\dorsety01,SG,22,ATL,27,0,9.3,1.2,3.3,.360,0.4,1.4,.256,0.8,1.9,.440,.416,0.6,1.0,.615,0.3,1.3,1.6,0.6,0.3,0.0,0.4,0.7,3.3
142,Tyler Dorsey\dorsety01,SG,22,MEM,12,2,14.5,2.5,5.7,.441,1.3,3.3,.410,1.2,2.4,.483,.559,0.5,1.2,.429,0.6,2.0,2.6,1.2,0.3,0.1,0.7,1.3,6.8
143,Damyean Dotson\dotsoda01,SG,24,NYK,64,31,26.5,4.0,9.5,.425,1.7,4.6,.380,2.3,5.0,.465,.516,1.0,1.4,.733,0.5,3.1,3.6,1.7,0.9,0.1,0.8,1.8,10.9
144,PJ Dozier\doziepj01,SG,22,BOS,4,0,2.5,0.8,1.5,.500,0.3,0.5,.500,0.5,1.0,.500,.583,0.0,0.0,,0.5,0.5,1.0,0.0,0.0,0.0,0.0,0.3,1.8
145,Goran Dragic\dragigo01,PG,32,MIA,27,14,25.8,5.1,12.0,.427,1.8,4.8,.372,3.3,7.2,.464,.502,2.4,3.0,.780,0.3,2.5,2.9,4.1,0.6,0.1,1.9,2.2,14.4
146,Andre Drummond\drumman01,C,25,DET,69,69,33.2,7.1,13.5,.528,0.1,0.5,.135,7.0,12.9,.544,.531,3.1,5.2,.593,5.3,10.1,15.4,1.2,1.6,1.6,2.1,3.4,17.4
147,Jared Dudley\dudleja01,PF,33,BRK,52,25,20.3,1.6,3.9,.407,0.8,2.5,.338,0.8,1.4,.527,.515,0.4,0.7,.629,0.5,2.0,2.5,1.4,0.6,0.3,0.8,2.3,4.5
148,Kris Dunn\dunnkr01,PG,24,CHI,46,44,30.2,4.7,11.0,.425,0.7,2.1,.354,3.9,8.9,.441,.458,1.2,1.5,.797,0.4,3.7,4.1,6.0,1.5,0.5,2.3,3.6,11.3
149,Kevin Durant\duranke01,PF,30,GSW,69,69,35.2,9.5,18.6,.511,1.8,5.2,.348,7.7,13.4,.574,.559,6.1,6.9,.885,0.5,6.1,6.5,5.7,0.8,1.1,3.0,2.0,27.0
150,Trevon Duval\duvaltr01,PG,20,MIL,3,0,2.0,0.7,1.0,.667,0.3,0.3,1.000,0.3,0.7,.500,.833,0.0,0.0,,0.0,0.3,0.3,0.7,0.0,0.0,0.0,0.0,1.7
151,Vince Edwards\edwarvi01,SF,22,HOU,2,0,8.0,0.5,2.0,.250,0.5,2.0,.250,0.0,0.0,,.375,0.0,0.0,,0.5,0.5,1.0,0.0,0.0,0.0,0.0,0.0,1.5
152,Henry Ellenson\ellenhe01,PF,22,TOT,13,0,12.9,1.8,4.8,.365,0.8,2.2,.393,0.9,2.7,.343,.452,0.8,1.1,.786,0.3,3.3,3.6,1.0,0.5,0.0,0.5,1.2,5.2
152,Henry Ellenson\ellenhe01,PF,22,DET,2,0,12.5,2.0,5.0,.400,1.0,2.0,.500,1.0,3.0,.333,.500,1.0,1.0,1.000,0.0,4.5,4.5,0.5,0.0,0.0,0.0,1.0,6.0
152,Henry Ellenson\ellenhe01,PF,22,NYK,11,0,13.0,1.7,4.8,.358,0.8,2.2,.375,0.9,2.6,.345,.443,0.8,1.1,.750,0.4,3.1,3.5,1.1,0.5,0.0,0.6,1.3,5.1
153,Wayne Ellington\ellinwa01,SG,31,TOT,43,28,23.1,3.2,7.9,.401,2.5,6.6,.383,0.7,1.3,.491,.560,0.6,0.8,.794,0.2,1.7,1.9,1.3,1.0,0.1,0.8,1.7,9.5
153,Wayne Ellington\ellinwa01,SG,31,MIA,25,12,21.3,2.8,7.4,.375,2.3,6.2,.368,0.5,1.2,.414,.530,0.6,0.6,.875,0.2,1.6,1.9,1.2,1.0,0.1,0.6,1.6,8.4
153,Wayne Ellington\ellinwa01,SG,31,DET,18,16,25.7,3.7,8.6,.432,2.8,7.1,.402,0.9,1.6,.571,.597,0.7,1.0,.722,0.2,1.7,1.9,1.4,1.0,0.1,1.1,1.9,11.0
154,Joel Embiid\embiijo01,C,24,PHI,60,60,33.9,9.0,18.6,.483,1.2,4.1,.295,7.8,14.6,.535,.515,8.3,10.2,.815,2.5,11.2,13.8,3.5,0.7,1.9,3.6,3.3,27.5
155,James Ennis\ennisja01,SF,28,TOT,55,26,21.5,2.4,5.1,.480,1.0,2.7,.353,1.5,2.3,.628,.575,1.0,1.4,.747,1.0,2.0,3.0,0.6,0.7,0.4,0.6,2.6,6.9
155,James Ennis\ennisja01,SF,28,HOU,40,25,23.7,2.6,5.3,.493,1.1,3.0,.367,1.5,2.3,.659,.597,1.1,1.5,.724,0.9,2.0,2.9,0.7,1.0,0.4,0.6,2.8,7.4
155,James Ennis\ennisja01,SF,28,PHI,15,1,15.4,2.0,4.5,.441,0.6,2.0,.300,1.4,2.5,.553,.507,0.9,1.1,.824,1.1,2.1,3.3,0.5,0.2,0.3,0.5,2.3,5.5
156,Drew Eubanks\eubandr01,PF,21,SAS,19,0,4.9,0.7,1.1,.700,0.0,0.0,,0.7,1.1,.700,.700,0.6,0.7,.846,0.2,1.2,1.3,0.3,0.1,0.2,0.3,0.5,2.1
157,Jacob Evans\evansja02,SG,21,GSW,27,0,5.0,0.4,1.2,.303,0.0,0.3,.125,0.3,0.9,.360,.318,0.0,0.0,.000,0.1,0.4,0.6,0.6,0.0,0.0,0.3,0.8,0.8
158,Jawun Evans\evansja01,PG,22,PHO,7,0,9.1,0.4,1.9,.231,0.0,0.3,.000,0.4,1.6,.273,.231,0.0,0.0,,0.1,1.6,1.7,1.4,0.4,0.0,0.9,1.1,0.9
159,Tyreke Evans\evansty01,SG,29,IND,61,15,20.0,3.7,9.5,.389,1.1,3.2,.342,2.6,6.3,.413,.446,1.6,2.2,.746,0.5,2.3,2.8,2.4,0.9,0.2,1.7,1.7,10.1
160,Dante Exum\exumda01,PG,23,UTA,42,1,15.8,2.4,5.7,.419,0.4,1.5,.290,2.0,4.3,.464,.456,1.6,2.0,.791,0.4,1.2,1.6,2.6,0.3,0.1,1.2,1.6,6.9
161,Kenneth Faried\farieke01,C,29,TOT,32,13,19.8,4.2,7.1,.595,0.2,0.6,.350,4.0,6.5,.618,.610,1.8,2.8,.656,2.7,4.1,6.8,0.6,0.4,0.6,0.9,2.1,10.5
161,Kenneth Faried\farieke01,C,29,BRK,12,0,9.8,2.1,3.5,.595,0.1,0.4,.200,2.0,3.1,.649,.607,0.8,1.3,.625,1.3,2.4,3.7,0.2,0.2,0.3,0.5,0.7,5.1
161,Kenneth Faried\farieke01,C,29,HOU,20,13,25.8,5.5,9.3,.595,0.3,0.8,.400,5.2,8.5,.612,.611,2.5,3.7,.662,3.6,5.1,8.7,0.8,0.6,0.8,1.2,3.0,13.8
162,Derrick Favors\favorde01,C,27,UTA,72,66,23.4,4.7,8.0,.580,0.2,1.1,.221,4.4,7.0,.635,.594,2.1,3.0,.688,2.7,4.7,7.4,1.2,0.8,1.4,1.1,2.1,11.6
163,Cristiano Felicio\feliccr01,C,26,CHI,52,0,11.0,1.5,2.8,.552,0.0,0.0,.000,1.5,2.8,.559,.552,0.7,1.0,.704,1.2,2.0,3.2,0.5,0.1,0.1,0.5,1.0,3.8
164,Raymond Felton\feltora01,PG,34,OKC,26,0,11.5,1.7,4.3,.405,0.5,1.7,.267,1.3,2.5,.500,.459,0.5,0.5,.923,0.2,0.8,1.0,1.6,0.3,0.2,0.5,0.9,4.4
165,Terrance Ferguson\fergute01,SG,20,OKC,65,65,25.7,2.4,5.8,.418,1.4,3.9,.358,1.0,1.9,.540,.538,0.4,0.6,.684,0.4,1.3,1.8,0.9,0.6,0.2,0.6,3.2,6.7
166,Yogi Ferrell\ferreyo01,PG,25,SAC,61,3,14.3,2.0,4.7,.432,0.7,2.0,.361,1.3,2.7,.482,.507,0.8,0.9,.887,0.2,1.4,1.6,1.9,0.5,0.1,0.5,0.9,5.5
167,Dorian Finney-Smith\finnedo01,SF,25,DAL,73,26,25.0,2.8,6.3,.437,1.0,3.0,.324,1.8,3.3,.542,.515,0.9,1.3,.691,1.7,3.1,4.8,1.1,0.9,0.5,0.9,2.3,7.4
168,Bryn Forbes\forbebr01,PG,25,SAS,73,72,27.9,4.3,9.7,.447,2.1,5.0,.415,2.3,4.7,.481,.554,0.9,1.0,.889,0.2,2.7,2.9,2.1,0.6,0.1,1.0,2.0,11.6
169,Evan Fournier\fournev01,SG,26,ORL,72,72,31.5,5.6,13.1,.427,2.0,5.7,.343,3.6,7.4,.492,.502,1.7,2.0,.810,0.5,2.7,3.2,3.7,0.9,0.2,2.0,2.9,14.8
170,De'Aaron Fox\foxde01,PG,21,SAC,71,71,31.9,6.3,13.6,.461,1.1,2.9,.372,5.2,10.7,.485,.501,3.9,5.4,.720,0.5,3.2,3.7,7.3,1.6,0.5,2.9,2.5,17.5
171,Melvin Frazier\frazime01,SG,22,ORL,9,0,4.4,0.7,2.0,.333,0.0,0.4,.000,0.7,1.6,.429,.333,0.1,0.2,.500,0.3,0.2,0.6,0.1,0.1,0.0,0.1,0.7,1.4
172,Tim Frazier\fraziti01,PG,28,TOT,50,17,18.8,1.8,4.1,.433,0.5,1.6,.329,1.2,2.4,.504,.500,0.6,0.8,.780,0.7,2.2,2.8,4.2,0.5,0.1,1.2,1.9,4.7
172,Tim Frazier\fraziti01,PG,28,NOP,47,17,19.3,1.9,4.1,.451,0.6,1.6,.351,1.3,2.5,.517,.521,0.7,0.9,.780,0.7,2.2,2.9,4.4,0.5,0.1,1.3,2.0,5.0
172,Tim Frazier\fraziti01,PG,28,MIL,3,0,10.3,0.0,2.7,.000,0.0,1.7,.000,0.0,1.0,.000,.000,0.0,0.0,,0.3,1.0,1.3,0.7,0.0,0.0,0.3,1.0,0.0
173,Channing Frye\fryech01,C,35,CLE,33,5,9.5,1.1,3.1,.359,0.8,2.2,.394,0.3,1.0,.281,.495,0.3,0.4,.750,0.1,1.3,1.5,0.6,0.2,0.2,0.3,1.3,3.4
174,Markelle Fultz\fultzma01,PG,20,PHI,19,15,22.5,3.4,8.2,.419,0.2,0.7,.286,3.2,7.4,.433,.432,1.1,1.9,.568,1.4,2.3,3.7,3.1,0.9,0.3,1.3,2.7,8.2
175,Danilo Gallinari\gallida01,SF,30,LAC,61,61,30.5,6.0,13.0,.466,2.4,5.5,.436,3.7,7.5,.489,.559,5.1,5.7,.902,0.8,5.1,5.9,2.5,0.7,0.3,1.4,1.9,19.6
176,Langston Galloway\gallola01,SG,27,DET,70,4,21.6,2.9,7.2,.398,1.8,4.7,.372,1.1,2.4,.450,.521,0.9,1.1,.835,0.6,1.6,2.1,1.1,0.5,0.1,0.3,1.7,8.4
177,Marc Gasol\gasolma01,C,34,TOT,70,63,31.5,5.2,11.6,.448,1.2,3.6,.347,3.9,8.0,.493,.501,2.5,3.3,.759,1.0,7.1,8.1,4.5,1.1,1.1,2.1,2.8,14.1
177,Marc Gasol\gasolma01,C,34,MEM,53,53,33.7,5.7,12.9,.444,1.4,4.2,.344,4.3,8.7,.491,.499,2.9,3.8,.756,1.1,7.5,8.6,4.7,1.1,1.2,2.2,2.8,15.7
177,Marc Gasol\gasolma01,C,34,TOR,17,10,24.5,3.5,7.5,.469,0.6,1.8,.367,2.9,5.8,.500,.512,1.4,1.8,.774,1.0,5.7,6.7,3.8,0.9,0.9,1.6,2.7,9.1
178,Pau Gasol\gasolpa01,C,38,TOT,30,6,12.0,1.4,3.1,.447,0.2,0.4,.462,1.2,2.7,.444,.479,0.9,1.3,.700,0.7,3.8,4.6,1.7,0.2,0.5,0.5,1.0,3.9
178,Pau Gasol\gasolpa01,C,38,SAS,27,6,12.2,1.5,3.3,.466,0.2,0.4,.500,1.3,2.9,.462,.494,1.0,1.4,.711,0.8,3.9,4.7,1.9,0.2,0.5,0.5,1.0,4.2
178,Pau Gasol\gasolpa01,C,38,MIL,3,0,10.0,0.3,2.0,.167,0.3,1.0,.333,0.0,1.0,.000,.250,0.3,0.7,.500,0.0,3.3,3.3,0.7,0.0,0.3,0.7,0.3,1.3
179,Rudy Gay\gayru01,PF,32,SAS,60,49,26.9,5.6,10.9,.511,1.1,2.6,.418,4.5,8.3,.541,.562,1.8,2.2,.826,0.9,5.7,6.6,2.7,0.8,0.6,1.6,2.4,14.1
180,Paul George\georgpa01,SF,28,OKC,69,69,36.7,9.1,20.7,.441,3.8,9.7,.391,5.4,11.0,.486,.533,6.1,7.3,.837,1.3,6.8,8.1,4.2,2.2,0.5,2.7,2.8,28.2
181,Taj Gibson\gibsota01,PF,33,MIN,70,57,24.1,4.3,7.7,.566,0.2,0.5,.324,4.2,7.2,.583,.576,1.9,2.5,.757,2.5,4.1,6.5,1.2,0.8,0.6,1.0,2.7,10.8
182,Harry Giles\gilesha01,PF,20,SAC,58,0,14.1,3.0,6.0,.503,0.0,0.1,.000,3.0,5.9,.512,.503,1.0,1.6,.637,1.1,2.7,3.8,1.5,0.5,0.4,1.3,2.6,7.0
183,Shai Gilgeous-Alexander\gilgesh01,PG,20,LAC,73,64,26.0,4.0,8.4,.471,0.6,1.7,.380,3.3,6.8,.493,.508,1.9,2.3,.800,0.7,2.1,2.7,3.1,1.1,0.5,1.8,2.1,10.4
184,Rudy Gobert\goberru01,C,26,UTA,73,72,31.6,5.7,8.6,.663,0.0,0.0,,5.7,8.6,.663,.663,4.0,6.3,.633,3.9,9.0,12.9,2.1,0.8,2.2,1.6,2.8,15.5
185,Brandon Goodwin\goodwbr01,PG,23,DEN,16,0,3.6,0.4,1.4,.261,0.1,0.4,.333,0.3,1.1,.235,.304,0.6,0.7,.818,0.1,0.1,0.2,0.9,0.0,0.0,0.2,0.4,1.4
186,Aaron Gordon\gordoaa01,PF,23,ORL,69,69,33.6,6.0,13.5,.442,1.6,4.5,.342,4.4,9.0,.493,.499,2.5,3.4,.730,1.6,5.7,7.3,3.7,0.7,0.7,2.0,2.2,16.0
187,Eric Gordon\gordoer01,SG,30,HOU,59,44,32.5,5.7,14.2,.403,3.0,8.8,.344,2.7,5.5,.497,.509,1.9,2.5,.782,0.3,2.1,2.4,2.1,0.6,0.4,1.4,2.2,16.4
188,Marcin Gortat\gortama01,C,34,LAC,47,43,16.0,2.1,4.0,.532,0.0,0.0,,2.1,4.0,.532,.532,0.7,1.0,.729,1.4,4.1,5.6,1.4,0.1,0.5,1.1,2.0,5.0
189,Devonte' Graham\grahade01,PG,23,CHO,36,3,13.5,1.5,4.3,.353,0.8,2.5,.300,0.8,1.8,.424,.439,0.6,0.9,.677,0.1,1.1,1.3,2.2,0.5,0.1,0.6,1.0,4.4
190,Treveon Graham\grahatr01,SG,25,BRK,29,20,21.3,1.8,5.4,.329,0.9,3.6,.262,0.9,1.9,.455,.415,0.5,0.6,.778,0.7,2.5,3.1,1.0,0.4,0.2,0.5,2.2,5.0
191,Jerami Grant\grantje01,PF,24,OKC,71,68,32.5,5.0,10.0,.502,1.3,3.3,.383,3.7,6.6,.561,.566,2.1,2.9,.709,1.2,4.1,5.3,1.0,0.8,1.3,0.8,2.7,13.3
192,Jerian Grant\grantje02,PG,26,ORL,56,1,16.5,1.6,3.8,.414,0.7,1.8,.359,0.9,1.9,.467,.502,0.5,0.7,.684,0.3,1.4,1.7,2.7,0.8,0.1,0.9,1.4,4.2
193,Donte Grantham\grantdo01,SF,23,OKC,3,0,0.7,0.0,0.7,.000,0.0,0.7,.000,0.0,0.0,,.000,0.0,0.0,,0.0,0.0,0.0,0.0,0.0,0.0,0.0,0.0,0.0
194,Danny Green\greenda02,SG,31,TOR,71,71,28.2,3.6,7.9,.456,2.5,5.5,.446,1.2,2.4,.480,.611,0.5,0.6,.825,0.8,3.3,4.1,1.5,0.9,0.6,1.0,2.2,10.2
195,Draymond Green\greendr01,PF,28,GSW,57,57,31.3,2.7,6.2,.438,0.7,2.4,.273,2.0,3.7,.545,.491,0.9,1.4,.679,0.8,6.5,7.3,6.9,1.4,1.0,2.5,3.2,7.0
196,Gerald Green\greenge01,SG,33,HOU,69,0,20.6,3.2,8.0,.401,2.1,6.1,.352,1.1,1.9,.552,.534,0.8,1.0,.838,0.4,2.1,2.6,0.6,0.5,0.4,0.8,1.7,9.4
197,JaMychal Green\greenja01,PF,28,TOT,58,5,21.1,3.5,7.2,.483,0.9,2.5,.382,2.5,4.7,.537,.549,1.3,1.6,.787,1.7,4.7,6.3,0.8,0.7,0.6,1.4,3.0,9.2
197,JaMychal Green\greenja01,PF,28,MEM,41,4,22.0,3.7,7.6,.484,0.9,2.3,.396,2.8,5.3,.523,.545,1.5,2.0,.788,1.8,4.4,6.1,0.9,0.8,0.6,1.6,3.0,9.8
197,JaMychal Green\greenja01,PF,28,LAC,17,1,19.2,2.9,6.1,.481,1.0,2.8,.354,1.9,3.3,.589,.563,0.6,0.8,.786,1.4,5.4,6.8,0.5,0.5,0.4,1.2,3.1,7.5
198,Jeff Green\greenje02,PF,32,WAS,72,44,27.8,4.3,9.0,.478,1.5,4.2,.362,2.8,4.7,.581,.563,2.4,2.7,.891,0.8,3.4,4.1,1.8,0.5,0.5,1.3,2.1,12.5
199,Blake Griffin\griffbl01,PF,29,DET,69,69,35.2,8.3,17.9,.466,2.5,6.9,.359,5.9,11.0,.532,.535,5.5,7.4,.746,1.3,6.3,7.6,5.4,0.7,0.4,3.5,2.7,24.7
200,Daniel Hamilton\hamilda02,SG,23,ATL,19,3,10.7,1.2,3.2,.383,0.4,1.2,.348,0.8,1.9,.405,.450,0.2,0.3,.500,0.5,1.9,2.5,1.2,0.3,0.1,0.8,1.0,3.0
201,Tim Hardaway\hardati02,SG,26,TOT,65,63,31.6,6.0,15.3,.393,2.5,7.3,.340,3.5,7.9,.442,.474,3.6,4.2,.841,0.5,2.9,3.4,2.4,0.8,0.1,1.6,2.2,18.1
201,Tim Hardaway\hardati02,SG,26,NYK,46,46,32.6,6.1,15.8,.388,2.5,7.3,.347,3.6,8.5,.424,.469,4.3,5.1,.854,0.6,2.9,3.5,2.7,0.9,0.1,1.8,2.3,19.1
201,Tim Hardaway\hardati02,SG,26,DAL,19,17,29.4,5.7,14.1,.404,2.4,7.4,.321,3.3,6.7,.496,.489,1.7,2.3,.767,0.4,2.8,3.2,1.9,0.6,0.1,1.3,1.8,15.5
202,James Harden\hardeja01,SG,29,HOU,69,69,37.3,10.9,24.8,.438,4.8,13.3,.363,6.0,11.5,.525,.536,9.9,11.2,.878,0.9,5.6,6.5,7.6,2.2,0.8,5.1,3.2,36.5
203,Maurice Harkless\harklma01,SF,25,POR,51,44,22.9,3.0,6.1,.492,0.6,1.9,.293,2.4,4.1,.586,.539,0.7,1.0,.660,1.2,3.1,4.2,1.2,1.1,0.8,0.7,2.7,7.2
204,Montrezl Harrell\harremo01,C,25,LAC,73,4,26.5,6.6,10.8,.613,0.0,0.2,.143,6.6,10.6,.621,.614,3.2,5.0,.635,2.3,4.4,6.7,1.8,0.9,1.4,1.5,3.2,16.5
205,Devin Harris\harride01,PG,35,DAL,60,0,15.3,1.9,4.9,.387,0.9,2.8,.311,1.0,2.1,.488,.476,1.5,2.0,.763,0.2,1.4,1.5,1.7,0.6,0.2,0.8,1.9,6.1
206,Gary Harris\harriga01,SG,24,DEN,46,37,28.6,4.9,11.5,.427,1.5,4.5,.346,3.4,7.0,.478,.494,2.2,2.8,.797,0.8,2.2,3.0,2.4,1.0,0.4,1.2,2.0,13.6
207,Joe Harris\harrijo01,SG,27,BRK,69,69,29.7,4.9,9.7,.501,2.3,5.0,.471,2.5,4.7,.532,.621,1.4,1.7,.840,0.7,3.0,3.6,2.4,0.5,0.2,1.6,2.4,13.5
208,Tobias Harris\harrito02,PF-SF,26,TOT,74,74,34.9,7.6,15.4,.495,2.0,4.9,.415,5.6,10.5,.531,.560,3.3,3.8,.871,0.8,7.1,7.9,2.7,0.7,0.5,1.9,2.2,20.5
208,Tobias Harris\harrito02,PF,26,LAC,55,55,34.6,7.7,15.5,.496,2.0,4.7,.434,5.7,10.9,.523,.561,3.5,4.0,.877,0.7,7.2,7.9,2.7,0.7,0.4,2.0,2.2,20.9
208,Tobias Harris\harrito02,SF,26,PHI,19,19,35.9,7.3,14.9,.491,1.9,5.3,.366,5.4,9.6,.560,.557,2.6,3.1,.847,1.2,7.0,8.2,2.8,0.5,0.6,1.6,2.2,19.2
209,Andrew Harrison\harrian01,SG-PG,24,TOT,17,0,11.0,0.9,3.1,.302,0.3,1.5,.200,0.6,1.6,.393,.349,1.0,1.1,.944,0.4,0.8,1.2,1.4,0.2,0.1,0.7,2.0,3.2
209,Andrew Harrison\harrian01,PG,24,MEM,1,0,5.0,1.0,2.0,.500,0.0,1.0,.000,1.0,1.0,1.000,.500,0.0,0.0,,0.0,0.0,0.0,0.0,0.0,0.0,0.0,1.0,2.0
209,Andrew Harrison\harrian01,SG,24,CLE,10,0,14.4,1.2,3.9,.308,0.3,1.4,.214,0.9,2.5,.360,.346,1.6,1.6,1.000,0.4,1.1,1.5,1.7,0.4,0.2,1.0,2.6,4.3
209,Andrew Harrison\harrian01,SG,24,NOP,6,0,6.3,0.5,2.0,.250,0.3,1.7,.200,0.2,0.3,.500,.333,0.2,0.3,.500,0.3,0.5,0.8,1.2,0.0,0.0,0.3,1.2,1.5
210,Shaquille Harrison\harrish01,PG,25,CHI,65,3,18.5,2.1,5.1,.421,0.3,1.1,.260,1.8,4.0,.467,.450,1.1,1.7,.670,0.4,2.3,2.7,1.8,1.2,0.4,0.8,1.7,5.7
211,Josh Hart\hartjo01,SG,23,LAL,67,22,25.6,2.8,6.9,.407,1.4,4.1,.336,1.4,2.8,.511,.506,0.8,1.2,.688,0.5,3.2,3.7,1.4,1.0,0.6,0.9,2.2,7.8
212,Isaiah Hartenstein\harteis01,PF,20,HOU,27,0,8.1,0.7,1.5,.488,0.1,0.2,.333,0.7,1.3,.514,.512,0.4,0.5,.786,0.8,1.0,1.7,0.5,0.3,0.4,0.5,2.1,2.0
213,Udonis Haslem\hasleud01,C,38,MIA,8,0,4.4,0.4,1.1,.333,0.0,0.5,.000,0.4,0.6,.600,.333,0.0,0.0,,0.1,1.4,1.5,0.0,0.0,0.0,0.3,0.5,0.8
214,Gordon Hayward\haywago01,PF,28,BOS,64,17,25.4,3.9,8.6,.448,1.1,3.3,.335,2.8,5.3,.519,.513,2.0,2.4,.825,0.8,3.5,4.3,3.4,0.9,0.3,1.5,1.4,10.8
215,John Henson\hensojo01,C,28,MIL,14,0,13.4,2.2,4.8,.463,0.8,2.2,.355,1.4,2.6,.556,.545,0.4,0.7,.600,1.1,3.9,5.1,1.0,0.5,0.8,0.9,1.1,5.6
216,Juan Hernangomez\hernaju01,PF,23,DEN,64,25,20.1,2.1,4.7,.449,1.0,2.7,.376,1.1,2.0,.547,.556,1.0,1.3,.762,1.0,3.0,4.0,0.8,0.4,0.4,0.6,1.4,6.2
217,Willy Hernangomez\hernawi01,C,24,CHO,50,3,13.9,2.7,5.1,.528,0.3,0.6,.419,2.4,4.5,.543,.553,1.5,2.3,.673,2.0,3.4,5.5,1.0,0.2,0.4,1.0,1.8,7.1
218,Mario Hezonja\hezonma01,SF,23,NYK,52,18,19.8,3.0,7.5,.403,0.7,2.5,.290,2.3,5.0,.459,.451,1.3,1.8,.745,0.4,3.3,3.8,1.1,0.9,0.1,1.2,1.8,8.1
219,Isaiah Hicks\hicksis01,PF,24,NYK,1,0,4.0,0.0,0.0,,0.0,0.0,,0.0,0.0,,,1.0,2.0,.500,0.0,0.0,0.0,1.0,0.0,0.0,0.0,0.0,1.0
220,Buddy Hield\hieldbu01,SG,26,SAC,72,72,32.1,7.7,16.7,.461,3.4,7.9,.432,4.3,8.8,.487,.563,2.1,2.4,.879,1.4,3.8,5.2,2.5,0.7,0.4,1.9,2.5,20.9
221,Haywood Highsmith\highsha01,SF,22,PHI,2,0,4.5,0.5,1.0,.500,0.5,1.0,.500,0.0,0.0,,.750,0.0,0.0,,0.0,0.5,0.5,1.0,0.0,0.0,0.0,0.0,1.5
222,Nene Hilario\hilarne01,C,36,HOU,38,2,13.1,1.4,2.7,.529,0.0,0.1,.000,1.4,2.6,.540,.529,0.8,1.2,.644,0.8,2.2,2.9,0.6,0.5,0.4,0.3,2.0,3.6
223,George Hill\hillge01,PG,32,TOT,51,13,21.4,2.6,5.8,.440,0.8,2.4,.320,1.8,3.5,.523,.505,0.9,1.1,.825,0.6,1.7,2.4,2.2,0.9,0.1,0.9,1.7,6.8
223,George Hill\hillge01,PG,32,CLE,13,13,26.5,4.2,8.2,.514,1.0,2.2,.464,3.2,6.1,.532,.575,1.3,1.5,.850,0.9,1.2,2.1,2.8,0.9,0.1,1.5,2.7,10.8
223,George Hill\hillge01,PG,32,MIL,38,0,19.6,2.0,5.0,.398,0.7,2.5,.277,1.3,2.6,.515,.466,0.8,1.0,.811,0.5,1.9,2.5,2.0,0.9,0.2,0.6,1.4,5.5
224,Solomon Hill\hillso01,SF,27,NOP,38,15,19.6,1.4,3.6,.380,0.6,2.0,.293,0.8,1.6,.484,.460,0.5,0.7,.704,0.8,2.2,3.0,1.2,0.6,0.2,0.7,1.7,3.8
225,Aaron Holiday\holidaa01,PG,22,IND,44,0,11.4,1.9,4.8,.394,0.8,2.4,.324,1.1,2.5,.463,.474,0.8,0.9,.872,0.1,1.2,1.3,1.4,0.4,0.3,0.7,1.2,5.4
226,Jrue Holiday\holidjr01,SG,28,NOP,67,67,35.9,8.2,17.3,.472,1.8,5.4,.325,6.4,11.9,.539,.523,3.1,4.0,.768,1.1,3.9,5.0,7.7,1.6,0.8,3.1,2.2,21.2
227,Justin Holiday\holidju01,SG,29,TOT,73,68,31.6,3.4,9.1,.376,1.8,5.5,.338,1.6,3.7,.434,.478,1.1,1.2,.899,0.6,3.4,4.0,1.8,1.4,0.4,1.2,2.0,9.8
227,Justin Holiday\holidju01,SG,29,CHI,38,38,34.9,4.0,10.4,.383,2.6,7.1,.359,1.4,3.3,.435,.506,1.1,1.2,.891,0.5,3.9,4.4,2.2,1.8,0.6,1.2,2.1,11.6
227,Justin Holiday\holidju01,SG,29,MEM,35,30,28.0,2.9,7.8,.366,1.1,3.7,.292,1.8,4.1,.434,.436,1.1,1.2,.907,0.6,2.8,3.4,1.3,1.0,0.3,1.2,1.9,7.9
228,John Holland\hollajo02,SF,30,CLE,1,0,1.0,0.0,0.0,,0.0,0.0,,0.0,0.0,,,0.0,0.0,,0.0,0.0,0.0,0.0,0.0,0.0,0.0,0.0,0.0
229,Rondae Hollis-Jefferson\holliro01,SF,24,BRK,56,21,20.9,3.3,8.0,.413,0.2,0.8,.191,3.2,7.2,.439,.423,2.0,3.1,.649,1.3,3.7,5.0,1.6,0.7,0.5,1.1,1.8,8.8
230,Richaun Holmes\holmeri01,C,25,PHO,66,2,16.5,3.1,5.1,.613,0.0,0.0,,3.1,5.1,.613,.613,1.8,2.5,.735,1.6,3.0,4.6,0.8,0.6,1.1,0.7,2.7,8.1
231,Rodney Hood\hoodro01,SG,26,TOT,63,46,25.9,4.0,9.2,.433,1.2,3.3,.359,2.8,5.9,.473,.497,2.0,2.3,.889,0.3,1.8,2.2,1.7,0.8,0.2,0.7,2.1,11.1
231,Rodney Hood\hoodro01,SG,26,CLE,45,45,27.4,4.3,10.1,.427,1.2,3.4,.362,3.1,6.7,.460,.488,2.3,2.5,.912,0.4,2.1,2.5,2.0,0.8,0.1,0.8,2.2,12.2
231,Rodney Hood\hoodro01,SG,26,POR,18,1,22.2,3.1,6.9,.452,1.1,3.0,.352,2.1,3.9,.529,.528,1.3,1.7,.800,0.2,1.2,1.4,0.9,0.7,0.3,0.5,1.8,8.6
232,Al Horford\horfoal01,C,32,BOS,62,62,28.9,5.5,10.5,.529,1.1,3.1,.358,4.4,7.4,.601,.582,1.0,1.3,.808,1.8,4.9,6.7,4.1,0.9,1.3,1.5,1.9,13.2
233,Danuel House\houseda01,SF,25,HOU,30,13,25.8,3.0,6.6,.462,1.8,4.5,.403,1.2,2.1,.587,.599,1.7,2.2,.785,0.8,2.8,3.7,1.0,0.5,0.3,1.1,2.0,9.6
234,Dwight Howard\howardw01,C,33,WAS,9,9,25.6,4.8,7.7,.623,0.0,0.0,,4.8,7.7,.623,.623,3.2,5.3,.604,2.7,6.6,9.2,0.4,0.8,0.4,1.8,3.8,12.8
235,Kevin Huerter\huertke01,SG,20,ATL,68,52,27.2,3.6,8.5,.417,1.8,4.7,.381,1.8,3.9,.460,.521,0.6,0.8,.741,0.8,2.5,3.3,2.8,0.9,0.3,1.5,2.1,9.5
236,Chandler Hutchison\hutchch01,SF,22,CHI,44,14,20.3,2.2,4.8,.459,0.3,1.1,.280,1.9,3.6,.516,.493,0.5,0.9,.605,0.7,3.5,4.2,0.8,0.5,0.1,0.6,1.3,5.2
237,Serge Ibaka\ibakase01,C,29,TOR,66,50,27.8,6.2,11.8,.522,0.6,2.3,.263,5.6,9.5,.585,.548,2.0,2.5,.772,2.1,6.0,8.1,1.4,0.4,1.4,1.6,2.9,14.9
238,Andre Iguodala\iguodan01,SF,35,GSW,63,13,23.5,2.2,4.5,.498,0.7,2.2,.336,1.5,2.3,.653,.580,0.6,1.0,.594,0.7,3.1,3.8,3.2,0.9,0.8,0.7,1.5,5.8
239,Ersan Ilyasova\ilyaser01,PF,31,MIL,59,6,18.0,2.6,5.7,.451,0.9,2.4,.386,1.7,3.4,.497,.531,0.9,1.1,.828,1.5,2.9,4.5,0.8,0.5,0.3,0.7,2.5,7.0
240,Joe Ingles\inglejo01,SF,31,UTA,73,73,31.4,4.3,9.8,.440,2.2,5.8,.377,2.1,4.0,.531,.551,1.1,1.5,.714,0.4,3.5,4.0,5.4,1.3,0.3,2.3,2.3,11.8
241,Andre Ingram\ingraan01,SG,33,LAL,4,0,3.8,0.0,1.5,.000,0.0,0.8,.000,0.0,0.8,.000,.000,0.0,0.0,,0.3,0.3,0.5,0.0,0.3,0.0,0.3,0.0,0.0
242,Brandon Ingram\ingrabr01,SF,21,LAL,52,52,33.8,7.0,14.0,.497,0.6,1.8,.330,6.4,12.2,.521,.518,3.8,5.6,.675,0.8,4.3,5.1,3.0,0.5,0.6,2.5,2.9,18.3
243,Kyrie Irving\irvinky01,PG,26,BOS,61,61,33.1,9.1,18.5,.492,2.6,6.4,.401,6.6,12.1,.541,.562,3.2,3.7,.867,1.1,4.0,5.1,7.0,1.5,0.5,2.6,2.4,24.0
244,Jonathan Isaac\isaacjo01,PF,21,ORL,67,56,26.7,3.4,8.0,.427,1.0,3.3,.314,2.4,4.7,.508,.493,1.5,1.9,.817,1.2,4.2,5.4,1.1,0.7,1.3,1.0,1.9,9.4
245,Wesley Iwundu\iwundwe01,SF,24,ORL,59,12,18.1,1.6,4.0,.390,0.4,1.1,.328,1.2,2.9,.413,.434,1.3,1.7,.806,0.5,2.2,2.8,1.0,0.4,0.3,0.7,1.9,4.8
246,Demetrius Jackson\jacksde01,PG,24,PHI,6,0,6.5,1.3,2.5,.533,0.3,1.0,.333,1.0,1.5,.667,.600,0.7,0.7,1.000,0.3,0.2,0.5,0.8,0.3,0.0,0.2,0.7,3.7
247,Frank Jackson\jacksfr01,PG,20,NOP,59,14,18.8,3.1,7.1,.432,0.8,2.7,.306,2.3,4.5,.508,.489,0.7,1.0,.721,0.4,1.8,2.2,1.1,0.4,0.0,0.8,1.5,7.7
248,Jaren Jackson\jacksja02,PF,19,MEM,58,56,26.1,5.1,10.2,.506,0.9,2.4,.359,4.3,7.7,.553,.549,2.6,3.4,.766,1.3,3.4,4.7,1.1,0.9,1.4,1.7,3.8,13.8
249,Josh Jackson\jacksjo02,SG,21,PHO,73,26,24.3,4.2,10.2,.409,0.8,2.7,.316,3.3,7.5,.442,.450,1.8,2.7,.675,0.8,3.3,4.2,2.2,0.9,0.7,2.3,2.6,11.0
250,Justin Jackson\jacksju01,SF,23,TOT,72,5,19.2,2.4,5.6,.430,1.0,2.9,.340,1.4,2.7,.528,.519,0.7,0.9,.785,0.5,2.1,2.5,1.1,0.4,0.2,0.4,1.2,6.5
250,Justin Jackson\jacksju01,SF,23,SAC,52,3,20.8,2.4,5.7,.424,1.1,3.1,.346,1.3,2.6,.515,.517,0.8,1.0,.820,0.5,2.3,2.8,1.3,0.4,0.3,0.4,1.3,6.7
250,Justin Jackson\jacksju01,SF,23,DAL,20,2,15.0,2.5,5.5,.445,0.9,2.7,.321,1.6,2.9,.561,.523,0.5,0.8,.667,0.5,1.4,1.9,0.6,0.2,0.1,0.2,0.9,6.3
251,Reggie Jackson\jacksre01,PG,28,DET,72,72,28.3,5.4,12.6,.427,2.2,5.7,.375,3.2,6.8,.471,.513,2.6,2.9,.872,0.5,2.0,2.6,4.2,0.7,0.1,1.8,2.6,15.5
252,LeBron James\jamesle01,SF,34,LAL,52,52,35.3,10.1,19.9,.510,2.0,5.9,.334,8.2,14.0,.584,.559,5.2,7.8,.664,1.1,7.5,8.5,8.1,1.3,0.6,3.5,1.8,27.4
253,Amile Jefferson\jeffeam01,PF,25,ORL,7,0,3.9,0.3,0.9,.333,0.0,0.0,,0.3,0.9,.333,.333,0.6,0.6,1.000,0.4,1.0,1.4,0.0,0.1,0.1,0.0,0.6,1.1
254,John Jenkins\jenkijo01,SG,27,TOT,18,0,9.8,1.3,3.3,.383,0.6,1.7,.367,0.7,1.7,.400,.475,0.4,0.5,.778,0.1,0.8,0.9,0.5,0.0,0.1,0.3,0.1,3.6
254,John Jenkins\jenkijo01,SG,27,WAS,4,0,3.5,0.5,0.5,1.000,0.5,0.5,1.000,0.0,0.0,,1.500,0.0,0.0,,0.0,0.3,0.3,0.3,0.0,0.0,0.0,0.0,1.5
254,John Jenkins\jenkijo01,SG,27,NYK,14,0,11.6,1.5,4.1,.362,0.6,2.0,.321,0.9,2.1,.400,.440,0.5,0.6,.778,0.1,0.9,1.1,0.6,0.0,0.1,0.4,0.1,4.1
255,Jonas Jerebko\jerebjo01,PF,31,GSW,64,6,17.1,2.3,4.9,.465,1.0,2.6,.365,1.3,2.3,.578,.562,0.9,1.1,.808,1.0,3.2,4.2,1.3,0.3,0.2,0.6,1.9,6.4
256,Alize Johnson\johnsal02,PF,22,IND,11,0,2.9,0.2,0.9,.200,0.1,0.2,.500,0.1,0.7,.125,.250,0.1,0.4,.250,0.1,0.6,0.7,0.0,0.0,0.1,0.0,0.3,0.5
257,Amir Johnson\johnsam01,C,31,PHI,44,6,10.4,1.6,3.1,.507,0.3,0.8,.324,1.3,2.3,.569,.548,0.6,0.8,.750,0.9,2.0,2.8,1.2,0.3,0.3,1.0,2.1,4.0
258,B.J. Johnson\johnsbj01,SF,23,ATL,6,0,7.2,1.3,2.7,.500,0.5,1.0,.500,0.8,1.7,.500,.594,0.3,0.3,1.000,0.3,1.0,1.3,0.0,0.3,0.0,0.3,0.5,3.5
259,James Johnson\johnsja01,PF,31,MIA,46,33,21.0,3.1,7.1,.434,1.0,2.7,.349,2.1,4.4,.488,.502,0.9,1.3,.712,0.4,2.8,3.2,2.3,0.7,0.5,1.3,2.1,8.0
260,Stanley Johnson\johnsst04,SF,22,TOT,61,7,18.1,2.5,6.6,.373,0.9,3.3,.272,1.6,3.3,.475,.442,0.8,1.0,.770,0.6,2.8,3.3,1.3,0.9,0.2,1.1,1.7,6.6
260,Stanley Johnson\johnsst04,SF,22,DET,48,7,20.0,2.8,7.3,.381,1.1,3.8,.282,1.7,3.5,.488,.454,0.9,1.1,.804,0.5,3.1,3.6,1.3,1.0,0.3,1.1,1.9,7.5
260,Stanley Johnson\johnsst04,SF,22,NOP,13,0,11.2,1.3,4.1,.321,0.3,1.6,.190,1.0,2.5,.406,.358,0.5,0.8,.600,0.7,1.5,2.2,1.4,0.6,0.0,1.1,1.0,3.4
261,Tyler Johnson\johnsty01,PG-SG,26,TOT,57,22,26.8,3.8,9.2,.413,1.6,4.6,.346,2.2,4.7,.477,.498,1.7,2.2,.748,0.6,2.4,3.0,2.9,0.9,0.5,1.4,1.7,10.9
261,Tyler Johnson\johnsty01,PG,26,MIA,44,10,25.5,3.9,9.1,.426,1.6,4.6,.353,2.3,4.5,.503,.516,1.4,2.0,.693,0.4,2.3,2.8,2.5,0.9,0.5,1.4,1.6,10.8
261,Tyler Johnson\johnsty01,SG,26,PHO,13,12,31.2,3.5,9.6,.368,1.4,4.3,.321,2.2,5.3,.406,.440,2.6,3.0,.872,1.2,2.8,4.0,4.2,1.1,0.5,1.1,1.9,11.1
262,Wesley Johnson\johnswe01,SF,31,TOT,37,13,14.3,1.2,3.4,.357,0.7,2.1,.329,0.5,1.4,.400,.456,0.4,0.5,.684,0.3,1.6,1.9,0.6,0.4,0.3,0.5,1.6,3.5
262,Wesley Johnson\johnswe01,SF,31,NOP,26,13,14.5,1.3,3.4,.398,0.7,1.9,.380,0.6,1.5,.421,.506,0.2,0.3,.667,0.4,1.7,2.1,0.6,0.5,0.3,0.5,1.7,3.7
262,Wesley Johnson\johnswe01,SF,31,WAS,11,0,13.7,0.9,3.5,.263,0.5,2.4,.231,0.4,1.1,.333,.342,0.6,0.9,.700,0.2,1.4,1.5,0.6,0.2,0.4,0.5,1.5,3.0
263,Nikola Jokic\jokicni01,C,23,DEN,70,70,31.5,7.6,15.1,.507,1.1,3.5,.326,6.5,11.6,.560,.544,3.9,4.6,.833,2.9,7.8,10.8,7.6,1.3,0.7,3.1,2.8,20.2
264,Damian Jones\jonesda03,C,23,GSW,24,22,17.1,2.2,3.1,.716,0.0,0.0,,2.2,3.1,.716,.716,1.0,1.5,.649,1.3,1.8,3.1,1.2,0.5,1.0,0.7,2.6,5.4
265,Derrick Jones\jonesde02,SF,21,MIA,53,10,19.0,2.7,5.6,.488,0.5,1.6,.326,2.2,4.0,.555,.535,1.2,1.9,.592,1.7,2.4,4.1,0.6,0.8,0.7,0.7,2.1,7.2
266,Jalen Jones\jonesja04,SF,25,CLE,16,0,13.4,1.6,3.9,.419,0.6,1.8,.357,1.0,2.1,.471,.500,1.2,1.7,.704,0.7,1.4,2.1,0.4,0.6,0.1,0.5,1.7,5.1
267,Terrence Jones\joneste01,PF,27,HOU,2,0,2.5,0.5,2.0,.250,0.0,1.0,.000,0.5,1.0,.500,.250,0.0,0.5,.000,0.0,2.0,2.0,0.0,0.0,0.0,0.5,0.5,1.0
268,Tyus Jones\jonesty01,PG,22,MIN,59,14,21.8,2.4,6.1,.396,0.5,1.7,.301,1.9,4.3,.434,.439,0.8,1.0,.831,0.4,1.6,1.9,4.4,1.2,0.1,0.7,1.1,6.2
269,DeAndre Jordan\jordade01,C,30,TOT,67,67,29.7,4.2,6.5,.643,0.0,0.0,,4.2,6.5,.643,.643,2.6,3.8,.700,3.3,9.9,13.2,2.2,0.6,1.1,2.2,2.4,11.0
269,DeAndre Jordan\jordade01,C,30,DAL,50,50,31.1,4.2,6.5,.644,0.0,0.0,,4.2,6.5,.644,.644,2.7,4.0,.682,3.2,10.5,13.7,2.0,0.7,1.1,2.2,2.5,11.0
269,DeAndre Jordan\jordade01,C,30,NYK,17,17,25.8,4.2,6.5,.640,0.0,0.0,,4.2,6.5,.640,.640,2.5,3.2,.764,3.5,8.1,11.5,2.9,0.4,1.1,2.2,2.2,10.8
270,Cory Joseph\josepco01,PG,27,IND,73,5,25.3,2.8,6.7,.424,0.7,2.1,.333,2.1,4.6,.466,.477,0.4,0.5,.667,0.5,3.0,3.5,3.8,1.1,0.3,1.0,1.6,6.8
271,Frank Kaminsky\kaminfr01,C,25,CHO,37,0,14.0,2.5,5.4,.463,0.8,2.4,.348,1.7,3.0,.554,.540,1.4,1.9,.718,0.9,2.1,3.0,1.2,0.1,0.2,0.9,1.3,7.2
272,Enes Kanter\kanteen01,C,26,TOT,58,23,23.9,5.3,9.8,.538,0.1,0.5,.250,5.2,9.4,.552,.544,2.4,2.9,.811,3.6,6.0,9.6,1.8,0.4,0.4,1.7,2.4,13.1
272,Enes Kanter\kanteen01,C,26,NYK,44,23,25.6,5.7,10.6,.536,0.2,0.5,.318,5.5,10.1,.547,.544,2.4,2.9,.814,3.9,6.6,10.5,1.9,0.4,0.4,1.8,2.4,14.0
272,Enes Kanter\kanteen01,C,26,POR,14,0,18.3,4.0,7.4,.544,0.0,0.4,.000,4.0,6.9,.577,.544,2.3,2.9,.800,2.8,4.1,6.9,1.4,0.5,0.3,1.5,2.3,10.3
273,Luke Kennard\kennalu01,SG,22,DET,54,10,22.6,3.6,8.2,.437,1.6,4.2,.383,2.0,4.0,.493,.535,0.8,1.0,.808,0.2,2.6,2.8,1.8,0.4,0.2,0.9,1.5,9.6
274,Michael Kidd-Gilchrist\kiddgmi01,PF,25,CHO,58,1,18.8,2.6,5.4,.482,0.2,0.7,.293,2.4,4.7,.511,.502,1.6,2.1,.769,1.5,2.5,4.0,0.9,0.5,0.7,0.7,2.5,7.0
275,George King\kingge03,SF,25,PHO,1,0,6.0,0.0,0.0,,0.0,0.0,,0.0,0.0,,,0.0,0.0,,0.0,1.0,1.0,0.0,0.0,0.0,0.0,0.0,0.0
276,Maxi Kleber\klebima01,PF,27,DAL,64,17,20.8,2.5,5.5,.456,1.1,3.1,.347,1.4,2.4,.595,.553,0.8,1.0,.803,1.3,3.2,4.5,1.0,0.5,1.1,0.8,2.0,6.9
277,Brandon Knight\knighbr03,PG,27,TOT,30,17,16.5,2.4,6.1,.386,1.0,3.3,.313,1.3,2.8,.471,.470,0.7,0.8,.800,0.2,1.1,1.3,1.8,0.5,0.0,0.5,1.4,6.4
277,Brandon Knight\knighbr03,PG,27,HOU,12,0,9.8,0.9,3.9,.234,0.4,2.7,.156,0.5,1.3,.400,.287,0.8,0.9,.818,0.1,0.7,0.8,0.8,0.2,0.0,0.4,1.2,3.0
277,Brandon Knight\knighbr03,PG,27,CLE,18,17,20.9,3.3,7.6,.438,1.4,3.7,.388,1.9,3.9,.486,.533,0.6,0.8,.786,0.3,1.4,1.7,2.6,0.7,0.1,0.6,1.5,8.7
278,Kevin Knox\knoxke01,PF,19,NYK,66,48,28.4,4.4,12.0,.369,1.6,4.7,.347,2.8,7.3,.382,.436,2.1,2.8,.738,0.8,3.5,4.4,1.0,0.6,0.3,1.5,2.4,12.6
279,Furkan Korkmaz\korkmfu01,SG,21,PHI,46,6,14.2,2.0,5.1,.402,1.0,3.0,.331,1.0,2.1,.505,.500,0.8,0.9,.833,0.3,1.9,2.3,1.1,0.6,0.0,0.5,1.3,5.8
280,Luke Kornet\kornelu01,PF,23,NYK,38,13,15.1,2.0,5.5,.357,1.3,3.8,.357,0.6,1.8,.358,.479,0.8,1.0,.811,0.5,1.9,2.4,1.0,0.6,0.6,0.5,0.8,6.1
281,Kyle Korver\korveky01,SG-PF,37,TOT,67,0,19.1,2.9,6.9,.422,2.0,5.0,.399,0.9,2.0,.477,.565,0.9,1.1,.817,0.1,2.1,2.3,1.1,0.4,0.2,0.9,1.6,8.7
281,Kyle Korver\korveky01,PF,37,CLE,16,0,15.7,2.2,4.8,.461,1.6,3.4,.463,0.6,1.4,.455,.625,0.8,1.0,.813,0.0,1.8,1.8,1.1,0.2,0.1,1.1,1.4,6.8
281,Kyle Korver\korveky01,SG,37,UTA,51,0,20.2,3.2,7.6,.414,2.1,5.5,.387,1.0,2.2,.482,.553,0.9,1.1,.818,0.2,2.2,2.4,1.2,0.4,0.2,0.8,1.6,9.3
282,Kosta Koufos\koufoko01,C,29,SAC,34,1,11.8,1.7,3.6,.479,0.0,0.0,,1.7,3.6,.479,.479,0.2,0.5,.353,1.3,3.0,4.3,0.8,0.4,0.4,0.6,1.6,3.6
283,Rodions Kurucs\kurucro01,SF,20,BRK,55,38,20.8,3.3,7.0,.470,0.9,2.8,.336,2.4,4.3,.557,.536,1.2,1.5,.827,0.9,2.9,3.7,0.8,0.7,0.4,1.3,2.4,8.8
284,Kyle Kuzma\kuzmaky01,PF,23,LAL,66,64,33.1,7.0,15.4,.457,1.8,5.9,.303,5.2,9.5,.552,.515,2.7,3.6,.747,0.9,4.7,5.6,2.7,0.6,0.3,1.9,2.4,18.5
285,Skal Labissiere\labissk01,PF,22,TOT,18,0,6.9,0.7,1.7,.433,0.2,0.6,.364,0.5,1.1,.474,.500,0.3,0.7,.462,0.2,1.2,1.4,0.3,0.1,0.2,0.5,1.2,2.0
285,Skal Labissiere\labissk01,PF,22,SAC,13,0,8.7,1.0,2.3,.433,0.3,0.8,.364,0.7,1.5,.474,.500,0.5,0.8,.545,0.3,1.5,1.8,0.5,0.2,0.2,0.5,1.6,2.8
285,Skal Labissiere\labissk01,PF,22,POR,5,0,2.2,0.0,0.0,,0.0,0.0,,0.0,0.0,,,0.0,0.4,.000,0.0,0.2,0.2,0.0,0.0,0.2,0.4,0.2,0.0
286,Jeremy Lamb\lambje01,SG,26,CHO,69,55,28.8,5.5,12.6,.436,1.4,4.2,.341,4.0,8.3,.484,.494,2.9,3.2,.883,0.8,4.9,5.8,2.1,1.0,0.4,1.1,1.9,15.2
287,Zach LaVine\lavinza01,SG,23,CHI,63,62,34.5,8.4,18.0,.467,1.9,5.1,.374,6.5,12.9,.504,.520,5.0,6.0,.832,0.6,4.0,4.7,4.5,1.0,0.4,3.4,2.2,23.7
288,Jake Layman\laymaja01,SF,24,POR,61,28,18.6,3.0,6.0,.510,0.9,2.6,.331,2.2,3.3,.650,.583,0.6,0.8,.706,0.9,2.3,3.2,0.7,0.4,0.5,0.7,1.6,7.5
289,T.J. Leaf\leaftj01,PF,21,IND,50,0,8.5,1.5,2.8,.540,0.1,0.5,.231,1.4,2.3,.611,.561,0.3,0.5,.565,0.6,1.4,2.0,0.4,0.1,0.3,0.2,0.6,3.4
290,Courtney Lee\leeco01,SG,33,TOT,27,2,11.2,1.3,3.1,.405,0.3,1.2,.273,0.9,1.9,.490,.458,0.5,0.7,.684,0.3,1.1,1.4,0.9,0.6,0.1,0.3,0.9,3.3
290,Courtney Lee\leeco01,SG,33,NYK,12,2,13.3,1.8,3.9,.447,0.4,1.3,.313,1.3,2.6,.516,.500,0.8,1.2,.643,0.5,1.8,2.3,1.3,0.7,0.2,0.4,1.1,4.7
290,Courtney Lee\leeco01,SG,33,DAL,15,0,9.5,0.9,2.5,.351,0.3,1.1,.235,0.6,1.3,.450,.405,0.3,0.3,.800,0.1,0.6,0.7,0.6,0.5,0.1,0.3,0.7,2.3
291,Damion Lee\leeda03,SG,26,GSW,27,0,11.0,1.5,3.5,.432,0.7,1.9,.373,0.8,1.6,.500,.532,0.4,0.6,.800,0.3,1.4,1.7,0.2,0.4,0.0,0.4,1.0,4.2
292,Alex Len\lenal01,C,25,ATL,70,25,19.4,3.9,8.0,.487,0.7,2.3,.327,3.1,5.7,.550,.533,1.8,2.7,.670,2.1,3.4,5.4,1.0,0.3,0.9,1.3,2.6,10.3
293,Kawhi Leonard\leonaka01,SF,27,TOR,53,53,34.5,9.5,19.1,.497,1.9,5.0,.378,7.6,14.1,.539,.546,6.3,7.4,.855,1.4,6.1,7.4,3.3,1.8,0.4,2.2,1.5,27.2
294,Meyers Leonard\leoname01,C,26,POR,55,1,14.2,2.1,3.9,.539,0.9,1.9,.466,1.3,2.1,.605,.650,0.7,0.8,.818,0.8,3.0,3.7,1.2,0.2,0.2,0.7,1.7,5.8
295,Jon Leuer\leuerjo01,PF,29,DET,36,1,10.5,1.8,3.0,.587,0.0,0.3,.100,1.8,2.8,.636,.592,0.6,0.9,.742,0.7,1.9,2.6,0.4,0.3,0.1,0.6,1.6,4.2
296,Caris LeVert\leverca01,SF,24,BRK,32,24,26.6,5.1,12.2,.414,1.1,3.8,.276,4.0,8.4,.478,.458,1.9,2.7,.709,0.8,3.2,3.9,3.8,1.0,0.4,1.8,2.0,13.1
297,Damian Lillard\lillada01,PG,28,POR,71,71,35.5,8.7,19.1,.453,3.0,7.9,.377,5.7,11.2,.508,.531,6.0,6.6,.910,0.9,3.7,4.5,6.7,1.2,0.4,2.7,1.9,26.3
298,Jeremy Lin\linje01,PG,30,TOT,66,4,19.7,3.4,7.6,.450,0.8,2.6,.299,2.6,4.9,.531,.502,2.5,3.0,.837,0.3,2.1,2.4,3.2,0.7,0.2,1.8,2.0,10.1
298,Jeremy Lin\linje01,PG,30,ATL,51,1,19.7,3.5,7.6,.466,0.9,2.6,.333,2.7,5.0,.535,.523,2.8,3.3,.845,0.3,2.0,2.3,3.5,0.7,0.1,1.9,1.9,10.7
298,Jeremy Lin\linje01,PG,30,TOR,15,3,20.0,3.0,7.6,.395,0.5,2.8,.190,2.5,4.8,.514,.430,1.5,1.9,.786,0.3,2.3,2.6,2.2,0.4,0.3,1.3,2.3,8.0
299,Shaun Livingston\livinsh01,PG,33,GSW,56,0,15.4,1.7,3.4,.492,0.0,0.0,.000,1.7,3.4,.497,.492,0.7,0.9,.816,0.7,1.1,1.8,1.9,0.5,0.4,0.6,1.2,4.1
300,Zach Lofton\loftoza01,SG,26,DET,1,0,4.0,0.0,1.0,.000,0.0,1.0,.000,0.0,0.0,,.000,0.0,0.0,,0.0,0.0,0.0,0.0,1.0,0.0,1.0,0.0,0.0
301,Kevon Looney\looneke01,C,22,GSW,70,24,19.4,2.6,4.2,.623,0.0,0.1,.100,2.6,4.1,.641,.625,0.9,1.4,.606,2.5,3.0,5.5,1.6,0.6,0.7,0.7,2.7,6.2
302,Brook Lopez\lopezbr01,C,30,MIL,73,73,28.6,4.4,9.7,.454,2.4,6.4,.368,2.1,3.3,.620,.575,1.3,1.6,.836,0.4,4.3,4.7,1.2,0.6,2.3,1.0,2.3,12.5
303,Robin Lopez\lopezro01,C,30,CHI,66,28,21.1,3.9,6.9,.568,0.1,0.4,.250,3.8,6.6,.585,.574,1.2,1.6,.722,1.8,2.0,3.8,1.1,0.2,1.1,1.3,1.8,9.2
304,Kevin Love\loveke01,PF,30,CLE,18,18,27.2,4.9,12.9,.384,2.6,6.9,.371,2.4,6.0,.398,.483,5.4,6.0,.898,1.5,9.4,10.9,2.1,0.2,0.2,1.9,2.7,17.8
305,Kyle Lowry\lowryky01,PG,32,TOR,57,57,34.6,4.9,11.7,.417,2.5,7.1,.353,2.4,4.6,.515,.524,2.6,3.1,.830,0.6,4.1,4.8,9.0,1.4,0.5,2.9,2.6,14.8
306,Jordan Loyd\loydjo01,PG,25,TOR,9,0,4.1,0.6,1.3,.417,0.2,0.7,.333,0.3,0.7,.500,.500,0.4,0.6,.800,0.1,0.7,0.8,0.2,0.0,0.0,0.2,0.6,1.8
307,Kalin Lucas\lucaska01,PG,29,DET,1,0,6.0,0.0,1.0,.000,0.0,1.0,.000,0.0,0.0,,.000,2.0,2.0,1.000,0.0,3.0,3.0,1.0,0.0,0.0,0.0,1.0,2.0
308,Timothe Luwawu-Cabarrot\luwawti01,SF-SG,23,TOT,42,3,10.8,1.2,3.3,.365,0.5,1.7,.319,0.6,1.5,.415,.449,0.4,0.5,.652,0.2,1.3,1.5,0.4,0.4,0.1,0.3,1.1,3.3
308,Timothe Luwawu-Cabarrot\luwawti01,SF,23,OKC,21,1,5.9,0.6,2.0,.302,0.2,1.0,.227,0.4,1.0,.381,.360,0.2,0.3,.667,0.2,0.7,0.9,0.2,0.2,0.0,0.2,0.7,1.7
308,Timothe Luwawu-Cabarrot\luwawti01,SG,23,CHI,21,2,15.8,1.8,4.5,.394,0.9,2.4,.360,0.9,2.1,.432,.489,0.5,0.8,.647,0.2,1.9,2.1,0.6,0.6,0.1,0.4,1.6,4.9
309,Tyler Lydon\lydonty01,PF,22,DEN,24,0,3.8,0.3,0.7,.471,0.2,0.4,.400,0.2,0.3,.571,.588,0.0,0.1,.333,0.3,0.5,0.7,0.2,0.1,0.0,0.2,0.4,0.9
310,Trey Lyles\lylestr01,PF,23,DEN,57,1,18.0,3.4,8.0,.423,0.8,3.2,.254,2.6,4.8,.535,.474,1.3,1.9,.694,0.7,3.2,3.9,1.4,0.5,0.4,1.1,1.5,8.9
311,Shelvin Mack\macksh01,PG,28,TOT,56,3,22.1,2.9,7.1,.406,0.8,2.3,.354,2.1,4.8,.431,.464,1.0,1.5,.695,0.3,1.5,1.9,3.3,0.8,0.1,1.1,1.5,7.6
311,Shelvin Mack\macksh01,PG,28,MEM,53,3,22.7,3.0,7.3,.414,0.9,2.4,.359,2.2,4.9,.441,.473,1.0,1.4,.707,0.3,1.6,1.9,3.4,0.8,0.1,1.2,1.5,7.9
311,Shelvin Mack\macksh01,PG,28,CHO,3,0,10.7,0.3,3.3,.100,0.0,0.7,.000,0.3,2.7,.125,.100,1.3,2.3,.571,0.0,0.7,0.7,0.3,0.7,0.0,0.7,1.0,2.0
312,Daryl Macon\maconda01,SG,23,DAL,5,0,2.6,0.4,0.6,.667,0.0,0.0,,0.4,0.6,.667,.667,0.0,0.0,,0.0,0.0,0.0,0.0,0.2,0.0,0.2,0.2,0.8
313,J.P. Macura\macurjp01,SG,23,CHO,1,0,14.0,2.0,8.0,.250,0.0,4.0,.000,2.0,4.0,.500,.250,0.0,0.0,,0.0,2.0,2.0,2.0,0.0,0.0,0.0,0.0,4.0
314,Ian Mahinmi\mahinia01,C,32,WAS,32,6,14.2,1.3,2.7,.488,0.0,0.4,.077,1.3,2.3,.562,.494,1.3,1.9,.683,1.3,2.2,3.4,0.8,0.8,0.5,0.6,2.4,3.9
315,Thon Maker\makerth01,C-PF,21,TOT,54,1,13.9,1.7,4.1,.416,0.7,2.3,.325,0.9,1.8,.531,.507,0.8,1.3,.614,0.6,2.4,3.0,0.7,0.3,0.7,0.5,1.6,4.9
315,Thon Maker\makerth01,C,21,MIL,35,0,11.7,1.7,3.8,.440,0.7,2.2,.333,0.9,1.6,.589,.537,0.6,1.1,.541,0.5,2.3,2.7,0.5,0.3,0.5,0.3,1.6,4.7
315,Thon Maker\makerth01,PF,21,DET,19,1,17.9,1.7,4.5,.376,0.7,2.4,.311,0.9,2.1,.450,.459,1.2,1.7,.697,0.9,2.6,3.5,0.9,0.4,1.1,0.8,1.6,5.3
316,Boban Marjanovic\marjabo01,C,30,TOT,49,11,11.4,2.5,4.2,.608,0.0,0.1,.250,2.5,4.1,.615,.610,1.8,2.4,.750,1.6,2.9,4.5,0.8,0.3,0.5,1.1,1.5,6.9
316,Boban Marjanovic\marjabo01,C,30,LAC,36,9,10.4,2.4,3.9,.607,0.0,0.1,.000,2.4,3.8,.616,.607,2.0,2.6,.758,1.5,2.7,4.2,0.6,0.3,0.5,1.0,1.6,6.7
316,Boban Marjanovic\marjabo01,C,30,PHI,13,2,14.0,3.0,4.9,.609,0.1,0.2,.500,2.9,4.8,.613,.617,1.4,1.9,.720,1.6,3.6,5.2,1.2,0.2,0.5,1.2,1.4,7.5
317,Lauri Markkanen\markkla01,PF,21,CHI,51,50,32.7,6.7,15.4,.433,2.3,6.5,.362,4.3,8.9,.485,.509,3.2,3.7,.873,1.4,7.6,9.0,1.5,0.7,0.6,1.6,2.4,18.9
318,Jarell Martin\martija01,PF,24,ORL,36,1,7.9,1.1,2.6,.430,0.5,1.3,.396,0.6,1.3,.467,.532,0.2,0.3,.778,0.3,1.4,1.7,0.4,0.1,0.2,0.3,1.1,2.9
319,Frank Mason\masonfr01,PG,24,SAC,35,0,11.5,1.7,4.2,.415,0.3,1.5,.208,1.4,2.7,.532,.452,1.0,1.5,.679,0.1,1.0,1.1,2.3,0.5,0.1,0.9,0.8,4.8
320,Wesley Matthews\matthwe02,SF-SG,32,TOT,63,62,30.5,4.1,10.3,.402,2.2,6.0,.373,1.9,4.3,.442,.510,2.1,2.5,.813,0.5,2.1,2.5,2.3,0.8,0.3,1.3,2.4,12.6
320,Wesley Matthews\matthwe02,SF,32,DAL,44,44,29.8,4.4,10.7,.414,2.3,6.0,.380,2.1,4.7,.456,.520,2.0,2.5,.791,0.5,1.9,2.3,2.3,0.8,0.3,1.3,2.3,13.1
320,Wesley Matthews\matthwe02,SG,32,NYK,2,1,27.0,2.0,9.5,.211,1.0,5.0,.200,1.0,4.5,.222,.263,2.0,2.5,.800,0.5,1.0,1.5,2.5,0.5,0.5,1.0,1.0,7.0
320,Wesley Matthews\matthwe02,SG,32,IND,17,17,32.8,3.7,9.5,.391,2.2,6.0,.373,1.5,3.5,.424,.509,2.3,2.6,.867,0.5,2.8,3.2,2.3,0.9,0.2,1.4,2.6,11.9
321,Luc Mbah a Moute\mbahalu01,PF,32,LAC,4,0,15.3,2.0,4.5,.444,0.5,1.5,.333,1.5,3.0,.500,.500,0.5,1.3,.400,0.5,1.3,1.8,0.5,0.3,0.3,0.5,2.0,5.0
322,Tahjere McCall\mccalta01,SG,24,BRK,1,0,8.0,2.0,3.0,.667,0.0,1.0,.000,2.0,2.0,1.000,.667,0.0,1.0,.000,0.0,1.0,1.0,0.0,0.0,0.0,0.0,2.0,4.0
323,Patrick McCaw\mccawpa01,SG,23,TOT,26,1,13.5,0.8,2.1,.400,0.3,1.0,.320,0.5,1.2,.467,.473,0.5,0.6,.867,0.3,1.4,1.7,1.0,0.8,0.1,0.6,1.3,2.5
323,Patrick McCaw\mccawpa01,SG,23,CLE,3,0,17.7,0.7,3.0,.222,0.3,1.3,.250,0.3,1.7,.200,.278,0.0,0.0,,0.0,1.0,1.0,0.7,0.7,0.0,1.0,0.3,1.7
323,Patrick McCaw\mccawpa01,SG,23,TOR,23,1,12.9,0.9,2.0,.435,0.3,0.9,.333,0.6,1.1,.520,.511,0.6,0.7,.867,0.3,1.5,1.8,1.0,0.8,0.1,0.5,1.4,2.6
324,CJ McCollum\mccolcj01,SG,27,POR,68,68,34.1,8.3,17.9,.463,2.4,6.4,.380,5.9,11.5,.508,.530,2.3,2.8,.831,0.9,3.2,4.0,2.9,0.8,0.4,1.5,2.4,21.3
325,T.J. McConnell\mccontj01,PG,26,PHI,67,1,19.4,2.9,5.4,.526,0.2,0.6,.308,2.7,4.8,.552,.543,0.4,0.5,.800,0.4,1.9,2.2,3.6,1.1,0.2,1.2,1.5,6.3
326,Doug McDermott\mcderdo01,SF,27,IND,68,0,17.1,2.5,5.2,.487,1.1,2.7,.405,1.4,2.5,.576,.593,0.9,1.0,.845,0.2,1.2,1.4,0.8,0.2,0.1,0.6,1.3,7.1
327,JaVale McGee\mcgeeja01,C,31,LAL,65,52,21.6,5.1,8.2,.618,0.0,0.1,.125,5.1,8.1,.625,.619,1.2,2.0,.638,2.5,4.5,7.0,0.6,0.6,1.9,1.4,2.6,11.4
328,Rodney McGruder\mcgruro01,SG,27,MIA,63,45,23.9,2.9,7.1,.407,1.3,3.5,.356,1.7,3.6,.456,.494,0.8,1.1,.743,0.9,2.7,3.6,1.7,0.6,0.2,1.0,1.8,7.9
329,Alfonzo McKinnie\mckinal01,SF,26,GSW,62,4,13.9,1.9,3.9,.484,0.6,1.6,.347,1.3,2.3,.580,.555,0.4,0.6,.575,1.2,2.3,3.5,0.4,0.2,0.2,0.4,1.9,4.7
330,Ben McLemore\mclembe01,SG,25,SAC,19,0,8.3,1.3,3.4,.391,0.9,2.2,.415,0.4,1.2,.348,.523,0.4,0.6,.667,0.2,0.7,0.9,0.2,0.3,0.2,0.3,1.2,3.9
331,Jordan McRae\mcraejo01,SG,27,WAS,21,0,9.7,1.7,3.5,.486,0.4,0.7,.533,1.3,2.8,.475,.541,0.8,1.0,.762,0.2,1.0,1.1,0.6,0.4,0.2,0.4,0.6,4.6
332,Jodie Meeks\meeksjo01,SG,31,TOR,2,0,12.0,3.0,6.5,.462,1.5,4.0,.375,1.5,2.5,.600,.577,0.0,0.0,,0.0,2.0,2.0,0.5,0.0,0.0,0.0,1.0,7.5
333,Salah Mejri\mejrisa01,C,32,DAL,29,4,9.2,1.0,2.1,.483,0.1,0.4,.364,0.9,1.7,.510,.517,0.3,0.4,.769,0.8,1.9,2.7,0.7,0.3,0.5,0.4,1.3,2.5
334,De'Anthony Melton\meltode01,PG,20,PHO,43,28,19.4,2.0,5.2,.379,0.7,2.1,.315,1.3,3.1,.422,.442,0.3,0.4,.833,0.5,2.2,2.7,3.2,1.3,0.5,1.4,2.3,5.0
335,Chimezie Metu\metuch01,PF,21,SAS,29,0,5.0,0.7,2.0,.328,0.0,0.1,.000,0.7,1.9,.339,.328,0.4,0.6,.765,0.3,0.9,1.2,0.4,0.2,0.1,0.5,0.5,1.8
336,Khris Middleton\middlkh01,SF,27,MIL,70,70,31.4,6.3,14.5,.437,2.3,6.1,.384,4.0,8.4,.475,.517,2.8,3.4,.840,0.7,5.5,6.1,4.4,1.0,0.1,2.3,2.3,17.9
337,C.J. Miles\milescj01,SF,31,TOT,53,1,16.2,2.1,5.9,.360,1.3,3.8,.330,0.8,2.0,.417,.468,0.9,1.1,.828,0.2,1.5,1.8,0.7,0.5,0.3,0.6,1.5,6.4
337,C.J. Miles\milescj01,SF,31,TOR,40,1,14.1,1.8,5.2,.340,1.1,3.4,.314,0.7,1.7,.391,.444,0.9,1.1,.795,0.3,1.4,1.7,0.6,0.5,0.3,0.5,1.6,5.5
337,C.J. Miles\milescj01,SF,31,MEM,13,0,22.6,3.2,8.1,.400,1.8,5.1,.364,1.4,3.0,.462,.514,1.0,1.1,.929,0.1,2.0,2.1,1.1,0.6,0.4,0.7,1.3,9.3
338,Darius Miller\milleda01,SF,28,NOP,66,15,25.7,2.8,7.0,.392,2.0,5.4,.370,0.8,1.7,.464,.533,0.8,1.0,.803,0.2,1.7,1.9,2.1,0.6,0.3,0.8,2.5,8.3
339,Malcolm Miller\millema01,SF,25,TOR,6,0,6.0,1.5,3.0,.500,1.5,2.7,.563,0.0,0.3,.000,.750,0.0,0.0,,0.0,0.3,0.3,0.2,0.2,0.0,0.0,0.3,4.5
340,Patty Mills\millspa02,PG,30,SAS,73,1,23.6,3.5,8.1,.428,1.9,4.8,.399,1.5,3.3,.471,.547,1.1,1.3,.856,0.3,1.9,2.2,3.0,0.6,0.1,1.2,1.6,10.0
341,Paul Millsap\millspa01,PF,33,DEN,60,55,27.0,4.8,9.6,.497,0.8,2.3,.360,4.0,7.4,.540,.540,2.6,3.6,.722,2.2,5.1,7.2,2.0,1.3,0.8,1.3,2.6,13.0
342,Shake Milton\miltosh01,SG,22,PHI,13,0,9.7,1.5,3.5,.435,0.8,1.9,.400,0.8,1.6,.476,.543,0.3,0.4,.800,0.5,1.0,1.5,1.0,0.3,0.2,0.2,1.1,4.2
343,Nikola Mirotic\mirotni01,PF,27,TOT,46,25,27.1,5.2,11.8,.439,2.5,6.9,.365,2.7,4.9,.545,.546,2.3,2.7,.847,1.3,6.1,7.4,1.2,0.7,0.7,1.0,2.3,15.2
343,Nikola Mirotic\mirotni01,PF,27,NOP,32,22,28.9,5.7,12.7,.447,2.7,7.2,.368,3.0,5.5,.551,.552,2.7,3.2,.842,1.4,6.8,8.3,1.1,0.7,0.8,1.2,2.7,16.7
343,Nikola Mirotic\mirotni01,PF,27,MIL,14,3,22.9,4.0,9.6,.415,2.2,6.2,.356,1.8,3.4,.521,.530,1.4,1.6,.870,1.0,4.4,5.4,1.4,0.7,0.6,0.8,1.5,11.6
344,Donovan Mitchell\mitchdo01,SG,22,UTA,69,69,33.6,8.6,20.1,.431,2.4,6.8,.350,6.2,13.2,.472,.490,4.0,5.0,.797,0.8,3.3,4.1,4.1,1.4,0.4,2.9,2.7,23.6
345,Naz Mitrou-Long\mitrona01,SG,25,UTA,11,0,4.1,0.3,1.0,.273,0.1,0.6,.143,0.2,0.4,.500,.318,0.0,0.0,,0.0,0.2,0.2,0.5,0.0,0.0,0.3,0.5,0.6
346,Malik Monk\monkma01,SG,20,CHO,63,0,17.4,3.3,8.4,.389,1.6,4.7,.336,1.7,3.8,.456,.482,1.4,1.6,.898,0.2,1.5,1.7,1.7,0.5,0.2,1.3,1.4,9.5
347,Greg Monroe\monrogr01,C,28,TOR,38,2,11.1,1.9,4.2,.460,0.0,0.1,.000,1.9,4.1,.471,.460,0.9,1.6,.574,1.6,2.5,4.1,0.4,0.3,0.2,0.8,1.6,4.8
348,E'Twaun Moore\mooreet01,SF,29,NOP,53,36,27.6,4.8,10.0,.481,1.4,3.3,.432,3.4,6.7,.506,.553,0.8,1.1,.763,0.7,1.7,2.4,1.9,0.8,0.2,1.1,2.1,11.9
349,Eric Moreland\moreler01,PF,27,TOT,4,0,9.0,0.8,1.5,.500,0.3,0.3,1.000,0.5,1.3,.400,.583,0.0,0.0,,0.8,3.3,4.0,1.0,0.0,0.0,0.8,2.3,1.8
349,Eric Moreland\moreler01,PF,27,PHO,1,0,5.0,0.0,0.0,,0.0,0.0,,0.0,0.0,,,0.0,0.0,,0.0,3.0,3.0,0.0,0.0,0.0,0.0,1.0,0.0
349,Eric Moreland\moreler01,PF,27,TOR,3,0,10.3,1.0,2.0,.500,0.3,0.3,1.000,0.7,1.7,.400,.583,0.0,0.0,,1.0,3.3,4.3,1.3,0.0,0.0,1.0,2.7,2.3
350,Jaylen Morris\morrija01,SG,23,MIL,4,0,7.3,1.0,2.5,.400,0.3,0.8,.333,0.8,1.8,.429,.450,0.3,0.5,.500,0.0,1.3,1.3,1.0,0.5,0.0,0.3,0.3,2.5
351,Marcus Morris\morrima03,PF,29,BOS,68,51,28.0,5.2,11.2,.459,2.0,5.2,.385,3.2,6.1,.523,.548,1.9,2.2,.836,1.0,5.2,6.2,1.5,0.6,0.3,1.3,2.5,14.2
352,Markieff Morris\morrima02,PF,29,TOT,49,16,23.1,3.7,8.7,.423,1.3,3.7,.343,2.4,5.0,.482,.495,1.4,1.8,.770,1.0,3.7,4.7,1.4,0.7,0.4,1.0,3.1,10.0
352,Markieff Morris\morrima02,PF,29,WAS,34,15,26.0,4.2,9.6,.436,1.4,4.2,.333,2.8,5.4,.516,.509,1.7,2.1,.781,1.2,3.9,5.1,1.8,0.7,0.6,1.4,3.4,11.5
352,Markieff Morris\morrima02,PF,29,OKC,15,1,16.7,2.5,6.5,.378,0.9,2.5,.378,1.5,4.1,.377,.449,0.7,0.9,.714,0.6,3.1,3.7,0.7,0.5,0.1,0.2,2.3,6.5
353,Monte Morris\morrimo01,PG,23,DEN,71,5,24.2,4.2,8.5,.495,1.2,2.7,.431,3.0,5.8,.526,.565,0.7,0.9,.785,0.4,2.1,2.5,3.7,0.9,0.1,0.7,1.2,10.3
354,Johnathan Motley\motlejo01,PF,23,LAC,17,0,7.9,1.8,3.7,.492,0.0,0.2,.000,1.8,3.5,.517,.492,1.3,2.0,.647,0.9,1.5,2.4,0.5,0.2,0.1,0.8,1.3,4.9
355,Emmanuel Mudiay\mudiaem01,PG,22,NYK,54,37,26.6,5.6,12.3,.452,1.1,3.4,.337,4.4,8.9,.497,.499,2.2,2.9,.769,0.5,2.6,3.1,3.7,0.7,0.3,2.3,1.7,14.5
356,Jamal Murray\murraja01,PG,21,DEN,65,64,32.9,6.8,15.8,.433,2.1,5.6,.370,4.8,10.2,.467,.498,2.4,2.9,.849,0.9,3.3,4.2,4.8,0.8,0.4,2.2,2.1,18.1
357,Dzanan Musa\musadz01,SG,19,BRK,8,0,4.3,1.0,2.5,.400,0.0,1.1,.000,1.0,1.4,.727,.400,0.0,0.3,.000,0.1,0.4,0.5,0.1,0.3,0.0,0.5,0.1,2.0
358,Mike Muscala\muscami01,PF,27,TOT,58,8,19.7,2.1,5.3,.384,1.3,3.8,.327,0.8,1.5,.529,.502,1.1,1.4,.815,0.9,2.8,3.7,1.2,0.3,0.6,0.7,2.1,6.5
358,Mike Muscala\muscami01,PF,27,PHI,47,6,22.1,2.3,5.9,.392,1.4,4.2,.342,0.9,1.7,.519,.514,1.3,1.6,.818,1.1,3.2,4.3,1.3,0.4,0.6,0.9,2.4,7.4
358,Mike Muscala\muscami01,PF,27,LAL,11,2,9.3,0.9,2.9,.313,0.5,2.2,.208,0.5,0.7,.625,.391,0.3,0.4,.750,0.1,1.1,1.2,0.5,0.1,0.5,0.0,0.9,2.5
359,Sviatoslav Mykhailiuk\mykhasv01,SF-SG,21,TOT,42,0,10.5,1.1,3.3,.329,0.7,2.1,.326,0.4,1.2,.333,.432,0.3,0.5,.600,0.2,0.6,0.9,0.9,0.3,0.0,0.5,0.6,3.2
359,Sviatoslav Mykhailiuk\mykhasv01,SF,21,LAL,39,0,10.8,1.1,3.4,.333,0.7,2.2,.318,0.4,1.2,.362,.436,0.3,0.5,.600,0.2,0.7,0.9,0.8,0.3,0.0,0.5,0.6,3.3
359,Sviatoslav Mykhailiuk\mykhasv01,SG,21,DET,3,0,6.7,0.7,2.7,.250,0.7,1.3,.500,0.0,1.3,.000,.375,0.0,0.0,,0.3,0.3,0.7,1.3,0.3,0.0,0.3,0.0,2.0
360,Abdel Nader\naderab01,SF,25,OKC,54,1,11.6,1.5,3.5,.431,0.5,1.6,.341,1.0,1.9,.505,.508,0.5,0.6,.771,0.2,1.7,1.9,0.3,0.3,0.2,0.4,1.2,4.0
361,Larry Nance\nancela02,C,26,CLE,58,24,26.1,3.6,6.9,.525,0.5,1.3,.360,3.2,5.6,.563,.559,1.4,2.0,.695,2.5,5.4,7.9,3.0,1.4,0.6,1.4,2.8,9.1
362,Shabazz Napier\napiesh01,PG,27,BRK,54,2,17.4,3.0,7.7,.389,1.3,3.9,.329,1.7,3.7,.453,.473,2.1,2.6,.833,0.3,1.5,1.7,2.5,0.8,0.3,1.2,1.2,9.4
363,Raul Neto\netora01,PG,26,UTA,32,1,12.5,2.0,4.3,.468,0.6,1.7,.345,1.4,2.6,.548,.536,0.7,0.8,.875,0.1,1.5,1.6,2.5,0.4,0.1,0.8,1.3,5.3
364,Georges Niang\niangge01,PF,25,UTA,50,0,7.3,1.2,2.5,.457,0.7,1.6,.413,0.5,0.9,.532,.587,0.2,0.3,.733,0.2,1.1,1.3,0.5,0.1,0.1,0.3,0.8,3.2
365,Joakim Noah\noahjo01,C,33,MEM,42,1,16.5,2.6,5.1,.516,0.0,0.0,.000,2.6,5.0,.519,.516,1.9,2.6,.716,1.4,4.3,5.7,2.1,0.5,0.7,1.2,2.3,7.1
366,Nerlens Noel\noelne01,C,24,OKC,68,2,14.0,2.1,3.7,.571,0.0,0.0,,2.1,3.7,.571,.571,0.7,1.0,.690,1.7,2.7,4.4,0.6,0.9,1.3,0.6,2.2,5.0
367,Dirk Nowitzki\nowitdi01,PF,40,DAL,42,11,14.0,2.2,6.1,.363,1.1,3.6,.320,1.1,2.5,.425,.457,0.7,1.0,.750,0.0,2.4,2.4,0.6,0.2,0.4,0.3,1.5,6.3
368,Frank Ntilikina\ntilila01,PG,20,NYK,42,16,21.4,2.3,6.7,.338,0.8,2.7,.289,1.5,4.0,.371,.397,0.5,0.7,.767,0.3,1.8,2.0,2.9,0.7,0.3,1.3,2.5,5.9
369,James Nunnally\nunnaja01,SF,28,TOT,15,0,6.8,0.8,2.3,.353,0.5,1.7,.320,0.3,0.6,.444,.471,0.3,0.3,1.000,0.0,0.3,0.3,0.5,0.1,0.0,0.1,0.7,2.4
369,James Nunnally\nunnaja01,SF,28,MIN,13,0,4.9,0.7,1.6,.429,0.4,1.0,.385,0.3,0.6,.500,.548,0.3,0.3,1.000,0.0,0.3,0.3,0.4,0.1,0.0,0.1,0.3,2.1
369,James Nunnally\nunnaja01,SF,28,HOU,2,0,19.0,1.5,6.5,.231,1.5,6.0,.250,0.0,0.5,.000,.346,0.0,0.0,,0.0,0.5,0.5,1.0,0.0,0.0,0.0,3.0,4.5
370,Jusuf Nurkic\nurkiju01,C,24,POR,71,71,27.3,5.7,11.3,.507,0.0,0.4,.103,5.7,10.9,.523,.509,3.9,5.0,.773,3.4,6.9,10.3,3.2,1.0,1.4,2.4,3.5,15.4
371,David Nwaba\nwabada01,SG,26,CLE,42,13,19.3,2.5,5.1,.481,0.5,1.6,.333,2.0,3.6,.547,.532,1.2,1.9,.667,0.8,2.3,3.1,1.1,0.7,0.4,0.5,2.1,6.7
372,Royce O'Neale\onealro01,SF,25,UTA,73,12,19.7,1.9,4.1,.473,0.8,2.1,.400,1.1,2.1,.547,.573,0.4,0.6,.756,0.3,3.2,3.5,1.5,0.7,0.3,0.8,2.0,5.1
373,Kyle O'Quinn\oquinky01,C,28,IND,41,2,8.4,1.5,2.9,.508,0.0,0.3,.091,1.5,2.7,.550,.513,0.4,0.5,.789,0.7,2.1,2.7,1.2,0.2,0.5,0.7,1.5,3.4
374,Semi Ojeleye\ojelese01,PF,24,BOS,50,2,10.5,1.1,2.6,.431,0.5,1.5,.320,0.6,1.1,.582,.523,0.5,0.7,.676,0.4,1.1,1.6,0.4,0.2,0.1,0.4,0.8,3.2
375,Jahlil Okafor\okafoja01,C,23,NOP,51,18,14.7,3.3,5.7,.574,0.0,0.0,.000,3.3,5.6,.578,.574,1.0,1.5,.654,1.4,3.0,4.4,0.6,0.3,0.6,0.8,1.7,7.5
376,Elie Okobo\okoboel01,PG,21,PHO,45,11,17.8,2.0,5.4,.374,0.7,2.4,.273,1.4,3.0,.459,.436,0.7,0.9,.775,0.2,1.7,1.9,2.5,0.6,0.1,1.3,2.1,5.4
377,Josh Okogie\okogijo01,SG,20,MIN,65,43,23.3,2.6,6.9,.382,0.8,3.0,.276,1.8,3.9,.465,.442,1.6,2.2,.723,0.6,2.4,3.0,1.2,1.1,0.4,1.0,2.3,7.7
378,Victor Oladipo\oladivi01,SG,26,IND,36,36,31.9,6.9,16.3,.423,2.1,6.0,.343,4.9,10.3,.470,.486,2.9,3.9,.730,0.6,5.0,5.6,5.2,1.7,0.3,2.3,2.0,18.8
379,Kelly Olynyk\olynyke01,PF,27,MIA,70,27,22.7,3.4,7.2,.471,1.5,4.1,.365,1.9,3.1,.609,.574,2.0,2.4,.815,0.9,3.8,4.7,1.9,0.7,0.4,1.4,2.4,10.2
380,Cedi Osman\osmande01,SF,23,CLE,67,66,32.0,4.7,11.0,.427,1.7,4.9,.359,3.0,6.2,.481,.506,1.9,2.4,.788,0.6,4.2,4.8,2.6,0.7,0.2,1.6,2.5,13.1
381,Kelly Oubre\oubreke01,SF,23,TOT,69,19,28.0,5.4,12.2,.445,1.6,4.9,.320,3.9,7.3,.530,.510,2.7,3.5,.775,1.0,3.7,4.7,1.2,1.2,0.9,1.5,2.6,15.2
381,Kelly Oubre\oubreke01,SF,23,WAS,29,7,26.0,4.6,10.5,.433,1.4,4.6,.311,3.1,6.0,.526,.500,2.3,2.9,.800,0.8,3.6,4.4,0.7,0.9,0.7,1.0,2.4,12.9
381,Kelly Oubre\oubreke01,SF,23,PHO,40,12,29.5,6.1,13.4,.453,1.7,5.2,.325,4.4,8.3,.532,.515,3.0,4.0,.761,1.2,3.7,4.9,1.6,1.4,1.0,1.8,2.8,16.9
382,Zaza Pachulia\pachuza01,C,34,DET,59,3,13.3,1.3,3.0,.435,0.0,0.1,.000,1.3,2.9,.445,.435,1.5,1.9,.775,1.6,2.6,4.1,1.4,0.5,0.3,0.8,2.2,4.1
383,Jabari Parker\parkeja01,PF,23,TOT,59,17,26.9,5.7,11.6,.493,1.0,3.0,.318,4.8,8.6,.555,.535,1.9,2.7,.717,1.2,5.4,6.6,2.4,0.7,0.5,2.4,2.2,14.4
383,Jabari Parker\parkeja01,PF,23,CHI,39,17,26.7,5.6,11.9,.474,0.9,2.9,.325,4.7,9.0,.523,.514,2.0,2.8,.731,1.1,5.1,6.2,2.2,0.6,0.4,2.2,2.2,14.3
383,Jabari Parker\parkeja01,PF,23,WAS,20,0,27.4,5.9,11.1,.534,1.0,3.3,.308,4.9,7.8,.628,.579,1.8,2.6,.686,1.4,5.9,7.3,3.0,1.0,0.7,3.0,2.3,14.6
384,Tony Parker\parketo01,PG,36,CHO,56,0,17.9,3.8,8.3,.460,0.2,0.9,.255,3.6,7.4,.485,.474,1.6,2.2,.734,0.3,1.2,1.5,3.7,0.4,0.1,1.3,0.9,9.5
385,Chandler Parsons\parsoch01,SF,30,MEM,17,3,18.3,2.3,6.4,.361,1.0,3.7,.270,1.3,2.6,.489,.440,0.5,0.6,.800,0.2,2.5,2.7,1.6,0.8,0.2,1.0,1.8,6.1
386,Patrick Patterson\pattepa01,PF,29,OKC,61,5,14.0,1.3,3.6,.376,0.8,2.2,.338,0.6,1.3,.439,.482,0.3,0.5,.633,0.7,1.7,2.4,0.5,0.3,0.2,0.3,0.7,3.8
387,Justin Patton\pattoju01,C,21,PHI,3,0,7.0,0.7,2.3,.286,0.0,0.7,.000,0.7,1.7,.400,.286,0.3,0.7,.500,0.7,1.3,2.0,1.0,0.7,0.0,0.0,1.7,1.7
388,Chris Paul\paulch01,PG,33,HOU,49,49,32.6,5.1,12.3,.419,2.1,6.0,.352,3.0,6.3,.484,.505,3.3,3.8,.862,0.6,4.0,4.6,8.1,1.9,0.3,2.8,2.7,15.7
389,Cameron Payne\payneca01,PG,24,TOT,40,13,17.8,2.4,5.6,.430,0.6,2.1,.298,1.8,3.5,.511,.487,0.8,1.0,.805,0.3,1.5,1.8,2.7,0.7,0.2,1.1,1.6,6.3
389,Cameron Payne\payneca01,PG,24,CHI,31,12,17.3,2.2,5.4,.411,0.5,1.9,.271,1.7,3.5,.486,.458,0.7,0.8,.880,0.3,1.4,1.7,2.7,0.6,0.2,1.1,1.6,5.7
389,Cameron Payne\payneca01,PG,24,CLE,9,1,19.6,3.0,6.1,.491,1.0,2.8,.360,2.0,3.3,.600,.573,1.2,1.8,.688,0.3,1.8,2.1,2.6,0.9,0.3,1.2,1.7,8.2
390,Elfrid Payton\paytoel01,PG,24,NOP,34,34,29.4,4.2,9.6,.439,0.8,2.3,.354,3.4,7.3,.466,.482,1.4,1.9,.730,1.4,4.1,5.4,7.3,1.1,0.4,2.5,2.1,10.6
391,Gary Payton\paytoga02,PG,26,WAS,3,0,5.3,1.7,2.7,.625,0.3,0.7,.500,1.3,2.0,.667,.688,0.0,0.0,,0.3,0.3,0.7,1.3,1.0,0.3,0.3,0.7,3.7
392,Theo Pinson\pinsoth01,SG,23,BRK,15,0,12.5,1.5,4.2,.349,0.7,2.6,.282,0.7,1.6,.458,.437,1.3,1.5,.864,0.1,2.0,2.1,1.3,0.3,0.0,1.0,0.9,4.9
393,Mason Plumlee\plumlma01,C,28,DEN,71,16,20.7,3.3,5.4,.606,0.0,0.1,.250,3.2,5.3,.614,.609,1.4,2.5,.545,2.1,4.2,6.2,2.9,0.8,0.9,1.5,3.1,7.9
394,Miles Plumlee\plumlmi01,C,30,ATL,18,0,9.6,1.8,2.7,.667,0.0,0.0,,1.8,2.7,.667,.667,0.9,1.7,.533,0.9,1.3,2.2,0.9,0.3,0.2,0.6,0.8,4.4
395,Jakob Poeltl\poeltja01,C,23,SAS,68,17,16.2,2.4,3.8,.641,0.0,0.0,,2.4,3.8,.641,.641,0.6,1.1,.538,2.3,3.0,5.3,1.3,0.4,0.8,0.7,1.6,5.5
396,Quincy Pondexter\pondequ01,SF,30,SAS,47,0,5.7,0.6,1.2,.491,0.1,0.4,.333,0.4,0.8,.568,.545,0.6,0.8,.789,0.2,0.8,0.9,0.5,0.2,0.0,0.2,0.5,1.9
397,Otto Porter\porteot01,SF,25,TOT,56,43,30.1,5.3,11.5,.465,1.9,4.6,.406,3.5,6.9,.504,.546,1.4,1.7,.813,1.0,4.6,5.6,2.1,1.5,0.6,1.2,1.9,13.9
397,Otto Porter\porteot01,SF,25,WAS,41,28,29.0,4.9,10.8,.457,1.6,4.3,.369,3.3,6.5,.515,.531,1.2,1.6,.766,1.0,4.7,5.6,2.0,1.6,0.5,1.0,1.9,12.6
397,Otto Porter\porteot01,SF,25,CHI,15,15,32.8,6.5,13.4,.483,2.6,5.3,.488,3.9,8.1,.479,.580,1.9,2.1,.906,0.9,4.6,5.5,2.7,1.2,0.6,1.7,1.9,17.5
398,Bobby Portis\portibo01,PF,23,TOT,42,21,25.8,5.7,12.5,.454,1.5,3.7,.409,4.2,8.9,.473,.514,1.5,2.0,.765,2.1,5.7,7.8,1.3,0.6,0.4,1.5,3.0,14.4
398,Bobby Portis\portibo01,PF,23,CHI,22,6,24.1,5.5,12.3,.450,1.2,3.3,.375,4.3,9.0,.477,.500,1.8,2.3,.780,2.1,5.2,7.3,1.3,0.5,0.4,1.3,2.8,14.1
398,Bobby Portis\portibo01,PF,23,WAS,20,15,27.6,5.9,12.8,.459,1.8,4.1,.439,4.1,8.7,.468,.529,1.3,1.8,.743,2.1,6.3,8.4,1.3,0.8,0.4,1.7,3.3,14.8
399,Dwight Powell\poweldw01,C,27,DAL,69,14,20.8,3.7,6.1,.597,0.5,1.6,.318,3.1,4.5,.696,.639,2.3,3.1,.763,1.7,3.3,5.0,1.4,0.6,0.6,0.8,2.6,10.1
400,Norman Powell\powelno01,SG,25,TOR,51,3,18.6,3.0,6.6,.461,1.0,2.7,.350,2.1,3.8,.541,.534,1.1,1.3,.821,0.3,2.0,2.3,1.5,0.6,0.2,1.1,1.7,8.1
401,Alex Poythress\poythal01,PF,25,ATL,21,1,14.5,1.9,3.9,.494,0.4,1.1,.391,1.5,2.8,.534,.549,0.9,1.4,.621,1.4,2.2,3.6,0.8,0.2,0.5,0.6,2.2,5.1
402,Zhou Qi\qizh01,PF,23,HOU,1,0,1.0,1.0,1.0,1.000,0.0,0.0,,1.0,1.0,1.000,1.000,0.0,0.0,,0.0,0.0,0.0,0.0,0.0,0.0,0.0,0.0,2.0
403,Ivan Rabb\rabbiv01,PF,21,MEM,40,9,12.8,2.2,3.7,.597,0.1,0.3,.200,2.2,3.5,.626,.604,0.8,1.2,.702,1.4,2.5,3.8,1.0,0.3,0.3,0.7,1.6,5.3
404,Chasson Randle\randlch01,PG,25,WAS,41,2,14.8,1.9,4.3,.438,0.9,2.2,.407,1.0,2.1,.471,.542,0.8,1.2,.688,0.2,0.9,1.1,1.9,0.5,0.0,0.9,1.9,5.5
405,Julius Randle\randlju01,C,24,NOP,67,43,30.5,7.7,14.7,.523,0.9,2.6,.333,6.8,12.1,.563,.552,4.8,6.6,.726,2.2,6.5,8.7,3.1,0.7,0.7,2.7,3.4,21.0
406,J.J. Redick\redicjj01,SG,34,PHI,69,56,31.4,5.8,13.5,.434,3.1,7.9,.393,2.7,5.6,.491,.549,2.9,3.3,.898,0.3,2.1,2.4,2.7,0.4,0.2,1.3,1.7,17.7
407,Davon Reed\reedda01,SG,23,IND,8,0,2.8,0.3,0.5,.500,0.1,0.1,1.000,0.1,0.4,.333,.625,0.0,0.0,,0.1,0.1,0.3,0.3,0.0,0.0,0.1,0.1,0.6
408,Cameron Reynolds\reynoca01,SG,23,MIN,10,0,12.4,1.1,3.4,.324,0.8,2.3,.348,0.3,1.1,.273,.441,0.2,0.2,1.000,0.1,0.9,1.0,0.5,0.4,0.1,0.1,0.8,3.2
409,Josh Richardson\richajo01,SG,25,MIA,71,71,35.0,5.9,14.2,.413,2.3,6.3,.358,3.6,7.9,.456,.492,2.7,3.2,.858,0.8,2.9,3.7,4.1,1.1,0.5,1.6,2.8,16.7
410,Malachi Richardson\richama01,SG,23,TOR,22,0,4.7,0.4,1.3,.310,0.4,1.1,.320,0.0,0.2,.250,.448,0.2,0.2,.800,0.1,0.5,0.6,0.0,0.0,0.0,0.4,0.6,1.4
411,Austin Rivers\riverau01,PG-SG,26,TOT,67,15,27.1,3.1,7.6,.408,1.4,4.3,.320,1.7,3.2,.528,.500,0.7,1.3,.523,0.4,1.9,2.2,2.2,0.6,0.3,1.0,2.9,8.3
411,Austin Rivers\riverau01,SG,26,WAS,29,2,23.6,2.6,6.7,.392,1.1,3.7,.311,1.5,3.0,.489,.477,0.9,1.6,.543,0.4,2.1,2.4,2.0,0.6,0.3,1.2,2.5,7.2
411,Austin Rivers\riverau01,PG,26,HOU,38,13,29.8,3.4,8.2,.419,1.6,4.9,.324,1.9,3.4,.555,.514,0.6,1.1,.500,0.3,1.7,2.1,2.4,0.6,0.3,0.8,3.1,9.0
412,Devin Robinson\robinde01,SF,23,WAS,4,0,8.0,2.0,3.3,.615,0.0,0.0,,2.0,3.3,.615,.615,0.8,1.5,.500,0.5,1.3,1.8,0.5,0.8,0.3,0.0,0.5,4.8
413,Duncan Robinson\robindu01,PF,24,MIA,11,1,7.6,0.8,2.0,.409,0.5,1.6,.333,0.3,0.4,.750,.545,0.1,0.2,.500,0.0,1.0,1.0,0.1,0.2,0.0,0.1,0.4,2.3
414,Glenn Robinson\robingl02,SF,25,DET,42,18,12.7,1.5,3.7,.408,0.4,1.3,.286,1.1,2.4,.475,.459,0.7,0.8,.829,0.4,1.0,1.3,0.4,0.3,0.2,0.4,1.0,4.1
415,Jerome Robinson\robinje01,SG,21,LAC,25,0,9.1,1.2,3.2,.370,0.6,1.7,.333,0.6,1.6,.410,.457,0.2,0.2,.667,0.1,1.0,1.1,0.4,0.3,0.1,0.2,1.4,3.1
416,Mitchell Robinson\robinmi01,C,20,NYK,57,12,19.1,2.9,4.2,.682,0.0,0.0,,2.9,4.2,.682,.682,1.1,1.9,.575,2.6,3.1,5.7,0.5,0.7,2.4,0.5,3.3,6.8
417,Rajon Rondo\rondora01,PG,32,LAL,38,21,29.1,3.8,9.0,.420,1.0,2.7,.369,2.8,6.3,.442,.475,0.5,0.8,.667,0.8,4.5,5.2,7.6,1.1,0.2,2.8,2.3,9.1
418,Derrick Rose\rosede01,PG,30,MIN,51,13,27.3,7.1,14.8,.482,1.1,2.9,.370,6.1,11.9,.509,.518,2.7,3.1,.856,0.6,2.1,2.7,4.3,0.6,0.2,1.6,1.1,18.0
419,Terrence Ross\rosste01,SG,27,ORL,72,0,26.4,5.4,12.7,.427,2.6,6.8,.378,2.8,5.9,.482,.528,1.4,1.6,.862,0.3,3.2,3.5,1.5,0.9,0.4,1.1,1.5,14.8
420,Terry Rozier\roziete01,PG,24,BOS,70,11,22.9,3.4,8.6,.393,1.6,4.4,.356,1.8,4.2,.432,.484,1.0,1.2,.788,0.4,3.5,4.0,3.0,0.9,0.3,0.9,1.3,9.3
421,Ricky Rubio\rubiori01,PG,28,UTA,63,62,28.2,4.3,10.8,.400,1.2,3.9,.317,3.1,7.0,.446,.457,2.7,3.2,.856,0.5,3.2,3.7,6.1,1.4,0.2,2.7,2.7,12.6
422,D'Angelo Russell\russeda01,PG,22,BRK,73,73,30.1,8.0,18.4,.432,2.8,7.7,.366,5.1,10.7,.480,.509,1.9,2.5,.793,0.6,3.1,3.7,6.9,1.2,0.3,3.0,1.8,20.7
423,Domantas Sabonis\sabondo01,C,22,IND,66,5,24.8,5.5,9.3,.588,0.1,0.2,.533,5.3,9.1,.589,.594,3.0,4.1,.722,2.5,6.8,9.2,2.8,0.7,0.4,2.1,3.3,14.0
424,Brandon Sampson\sampsbr01,SG,21,CHI,6,0,7.8,1.3,2.3,.571,0.5,1.5,.333,0.8,0.8,1.000,.679,0.0,0.0,,0.0,0.7,0.7,0.2,0.2,0.2,0.7,0.7,3.2
425,Dario Saric\saricda01,PF,24,TOT,72,32,24.6,3.6,8.3,.431,1.4,3.9,.366,2.2,4.4,.488,.516,1.6,1.8,.863,1.6,4.1,5.7,1.5,0.6,0.1,1.2,2.3,10.2
425,Dario Saric\saricda01,PF,24,PHI,13,13,30.5,3.7,10.2,.364,1.6,5.4,.300,2.1,4.8,.435,.443,2.1,2.3,.900,1.6,5.0,6.6,2.0,0.3,0.2,1.9,3.0,11.1
425,Dario Saric\saricda01,PF,24,MIN,59,19,23.4,3.6,7.9,.450,1.4,3.5,.388,2.2,4.4,.500,.536,1.5,1.7,.851,1.6,3.9,5.5,1.4,0.6,0.1,1.1,2.1,9.9
426,Tomas Satoransky\satorto01,SG,27,WAS,72,46,26.6,3.2,6.6,.492,0.8,2.0,.404,2.4,4.6,.530,.554,1.5,1.8,.824,1.0,2.5,3.5,4.9,1.0,0.2,1.5,2.2,8.8
427,Dennis Schroder\schrode01,PG,25,OKC,70,13,29.1,5.8,14.2,.412,1.5,4.5,.338,4.3,9.7,.447,.466,2.3,2.9,.810,0.5,3.1,3.6,4.2,0.8,0.2,2.2,2.3,15.5
428,Mike Scott\scottmi01,PF,30,TOT,71,0,16.8,2.0,5.1,.386,1.2,3.1,.392,0.8,2.0,.378,.505,0.3,0.4,.645,0.6,2.9,3.4,0.8,0.4,0.2,0.6,1.9,5.5
428,Mike Scott\scottmi01,PF,30,LAC,52,0,14.4,1.8,4.4,.400,1.0,2.6,.391,0.8,1.9,.412,.513,0.2,0.3,.667,0.5,2.9,3.3,0.8,0.3,0.2,0.5,1.7,4.8
428,Mike Scott\scottmi01,PF,30,PHI,19,0,23.5,2.6,7.1,.363,1.8,4.7,.393,0.7,2.4,.304,.493,0.4,0.7,.615,0.8,2.8,3.6,0.8,0.5,0.2,0.9,2.6,7.4
429,Thabo Sefolosha\sefolth01,SF,34,UTA,41,0,10.6,1.2,2.5,.466,0.6,1.3,.426,0.6,1.2,.510,.578,0.2,0.4,.625,0.1,2.1,2.3,0.4,0.8,0.1,0.4,0.8,3.1
430,Wayne Selden\seldewa01,SG,24,TOT,67,5,18.4,2.4,6.0,.409,0.7,2.2,.327,1.7,3.8,.457,.469,1.0,1.3,.739,0.4,1.6,2.1,1.4,0.4,0.2,1.0,1.7,6.6
430,Wayne Selden\seldewa01,SG,24,MEM,32,0,14.2,2.0,5.0,.404,0.6,2.0,.317,1.4,3.1,.459,.466,0.7,0.9,.759,0.5,0.9,1.4,1.1,0.3,0.2,0.7,1.5,5.4
430,Wayne Selden\seldewa01,SG,24,CHI,35,5,22.2,2.8,6.9,.413,0.8,2.4,.333,2.0,4.5,.455,.471,1.2,1.7,.729,0.4,2.3,2.7,1.7,0.5,0.2,1.2,1.9,7.7
431,Collin Sexton\sextoco01,PG,20,CLE,73,63,31.1,6.1,14.4,.426,1.4,3.3,.419,4.7,11.1,.428,.474,2.6,3.1,.837,0.7,2.3,3.0,2.9,0.5,0.1,2.2,2.3,16.2
432,Landry Shamet\shamela01,SG-PG,21,TOT,71,19,22.3,3.0,6.9,.436,2.1,5.0,.419,0.9,2.0,.479,.586,1.0,1.2,.833,0.3,1.4,1.6,1.3,0.5,0.1,0.5,2.0,9.1
432,Landry Shamet\shamela01,SG,21,PHI,54,4,20.5,2.8,6.4,.441,1.8,4.5,.404,1.0,1.9,.529,.584,0.8,1.0,.815,0.3,1.2,1.4,1.1,0.4,0.1,0.5,2.0,8.3
432,Landry Shamet\shamela01,PG,21,LAC,17,15,28.1,3.6,8.6,.425,2.9,6.4,.454,0.8,2.2,.342,.592,1.5,1.8,.867,0.2,2.0,2.2,2.0,0.6,0.1,0.8,2.0,11.7
433,Iman Shumpert\shumpim01,SG,28,TOT,55,41,24.2,2.8,7.4,.372,1.6,4.5,.348,1.2,2.9,.407,.477,0.6,0.7,.829,0.4,2.5,2.9,1.9,1.0,0.4,0.8,2.1,7.7
433,Iman Shumpert\shumpim01,SG,28,SAC,42,40,26.2,3.2,8.3,.382,1.8,4.8,.366,1.4,3.5,.404,.489,0.8,1.0,.829,0.5,2.6,3.1,2.2,1.1,0.5,0.9,2.2,8.9
433,Iman Shumpert\shumpim01,SG,28,HOU,13,1,18.0,1.5,4.7,.311,0.9,3.5,.267,0.5,1.2,.438,.410,0.0,0.0,,0.4,2.1,2.5,1.2,0.7,0.2,0.5,2.0,3.8
434,Pascal Siakam\siakapa01,PF,24,TOR,72,71,32.1,6.4,11.8,.547,0.9,2.6,.353,5.5,9.2,.602,.586,3.0,3.8,.778,1.6,5.4,6.9,3.1,1.0,0.7,1.9,3.0,16.8
435,Jordan Sibert\siberjo01,SG,26,ATL,1,0,4.0,1.0,1.0,1.000,1.0,1.0,1.000,0.0,0.0,,1.500,0.0,0.0,,0.0,0.0,0.0,0.0,0.0,0.0,0.0,0.0,3.0
436,Ben Simmons\simmobe01,PG,22,PHI,72,72,34.5,6.9,12.2,.568,0.0,0.1,.000,6.9,12.1,.571,.568,3.3,5.4,.605,2.2,6.8,9.0,7.8,1.4,0.8,3.5,2.6,17.1
437,Jonathon Simmons\simmojo02,SG-SF,29,TOT,52,9,19.1,2.3,6.2,.365,0.4,1.8,.242,1.8,4.4,.417,.401,1.3,1.7,.747,0.5,1.7,2.2,2.2,0.5,0.3,1.2,1.7,6.2
437,Jonathon Simmons\simmojo02,SG,29,ORL,41,9,20.6,2.5,7.0,.364,0.5,2.0,.229,2.1,5.0,.419,.397,1.4,1.8,.778,0.6,1.9,2.4,2.3,0.4,0.3,1.4,1.7,6.9
437,Jonathon Simmons\simmojo02,SF,29,PHI,11,0,13.3,1.3,3.4,.378,0.4,1.1,.333,0.9,2.3,.400,.432,0.8,1.4,.600,0.2,1.2,1.4,1.5,0.7,0.0,0.7,1.7,3.7
438,Kobi Simmons\simmoko01,PG,21,CLE,1,0,2.0,0.0,0.0,,0.0,0.0,,0.0,0.0,,,0.0,0.0,,0.0,0.0,0.0,0.0,0.0,0.0,0.0,0.0,0.0
439,Anfernee Simons\simonan01,SG,19,POR,14,0,5.2,0.6,2.1,.300,0.1,0.9,.083,0.6,1.3,.444,.317,0.2,0.6,.375,0.0,0.5,0.5,0.3,0.0,0.0,0.6,0.4,1.6
440,Marcus Smart\smartma01,SG,24,BOS,72,52,27.5,2.9,6.9,.419,1.6,4.3,.365,1.3,2.6,.508,.532,1.3,1.6,.802,0.7,2.2,2.9,4.1,1.8,0.4,1.5,2.6,8.6
441,Dennis Smith\smithde03,PG,21,TOT,49,49,28.8,5.2,12.0,.431,1.2,3.8,.326,3.9,8.2,.479,.482,1.9,3.0,.635,0.6,2.3,2.9,4.9,1.3,0.4,2.9,2.6,13.5
441,Dennis Smith\smithde03,PG,21,DAL,32,32,28.4,4.9,11.2,.440,1.3,3.9,.344,3.6,7.3,.491,.500,1.8,2.6,.695,0.6,2.5,3.0,4.3,1.3,0.3,3.1,2.6,12.9
441,Dennis Smith\smithde03,PG,21,NYK,17,17,29.5,5.7,13.7,.416,1.1,3.6,.290,4.6,10.1,.462,.455,2.2,3.9,.561,0.6,2.1,2.7,6.0,1.4,0.5,2.4,2.6,14.6
442,Ish Smith\smithis01,PG,30,DET,46,0,22.2,3.5,8.4,.420,0.8,2.5,.342,2.7,6.0,.453,.470,0.8,1.0,.745,0.4,2.2,2.6,3.6,0.6,0.2,1.1,1.9,8.7
443,J.R. Smith\smithjr01,SG,33,CLE,11,4,20.2,2.5,7.2,.342,1.1,3.5,.308,1.4,3.6,.375,.418,0.7,0.9,.800,0.0,1.6,1.6,1.9,1.0,0.3,1.0,1.7,6.7
444,Jason Smith\smithja02,C-PF,32,TOT,20,1,9.5,1.1,3.0,.356,0.5,1.3,.346,0.6,1.7,.364,.432,0.7,0.8,.875,0.8,1.8,2.6,0.7,0.2,0.4,0.7,1.5,3.3
444,Jason Smith\smithja02,C,32,WAS,12,1,10.8,1.3,3.1,.405,0.3,0.8,.400,0.9,2.3,.407,.459,0.8,1.0,.833,0.9,2.2,3.1,1.0,0.1,0.4,0.6,1.8,3.7
444,Jason Smith\smithja02,PF,32,MIL,6,0,6.7,0.7,2.2,.308,0.5,1.5,.333,0.2,0.7,.250,.423,0.3,0.3,1.000,0.5,1.3,1.8,0.2,0.3,0.3,0.8,1.0,2.2
444,Jason Smith\smithja02,PF,32,NOP,2,0,10.0,1.0,4.5,.222,1.0,3.5,.286,0.0,1.0,.000,.333,1.0,1.0,1.000,1.0,1.0,2.0,0.5,0.0,0.0,0.5,1.5,4.0
445,Tony Snell\snellto01,SG,27,MIL,73,11,17.6,2.2,4.9,.448,1.1,2.7,.395,1.1,2.1,.516,.559,0.5,0.5,.875,0.4,1.7,2.1,0.9,0.3,0.2,0.3,1.2,5.9
446,Ray Spalding\spaldra01,PF,21,TOT,6,0,7.2,1.0,1.8,.545,0.0,0.2,.000,1.0,1.7,.600,.545,0.2,0.5,.333,0.3,1.8,2.2,0.5,0.2,0.5,0.5,1.5,2.2
446,Ray Spalding\spaldra01,PF,21,DAL,1,0,1.0,0.0,0.0,,0.0,0.0,,0.0,0.0,,,0.0,0.0,,0.0,0.0,0.0,0.0,0.0,0.0,0.0,0.0,0.0
446,Ray Spalding\spaldra01,PF,21,PHO,5,0,8.4,1.2,2.2,.545,0.0,0.2,.000,1.2,2.0,.600,.545,0.2,0.6,.333,0.4,2.2,2.6,0.6,0.2,0.6,0.6,1.8,2.6
447,Omari Spellman\spellom01,PF,21,ATL,46,11,17.5,2.1,5.3,.402,1.0,2.8,.344,1.2,2.5,.466,.492,0.7,1.0,.711,1.6,2.7,4.2,1.0,0.6,0.5,0.7,1.5,5.9
448,Nik Stauskas\stausni01,SG,25,TOT,60,0,15.3,2.0,5.1,.401,1.0,2.9,.357,1.0,2.2,.459,.502,0.9,1.0,.900,0.3,1.7,1.9,1.3,0.3,0.1,0.8,0.8,6.0
448,Nik Stauskas\stausni01,SG,25,POR,44,0,15.3,2.2,5.2,.419,1.0,2.8,.344,1.2,2.4,.510,.513,0.7,0.8,.889,0.2,1.6,1.8,1.4,0.3,0.1,0.9,0.7,6.1
448,Nik Stauskas\stausni01,SG,25,CLE,16,0,15.3,1.6,4.7,.347,1.1,2.9,.391,0.5,1.8,.276,.467,1.4,1.5,.917,0.4,1.8,2.3,0.9,0.3,0.1,0.5,1.1,5.8
449,D.J. Stephens\stephdj01,SG,28,MEM,1,0,7.0,1.0,2.0,.500,0.0,0.0,,1.0,2.0,.500,.500,0.0,0.0,,0.0,0.0,0.0,0.0,1.0,0.0,1.0,0.0,2.0
450,Lance Stephenson\stephla01,SG,28,LAL,61,0,15.6,2.7,6.2,.435,1.0,2.8,.379,1.7,3.4,.481,.520,0.7,1.1,.677,0.4,2.4,2.9,2.0,0.6,0.1,1.2,1.6,7.2
451,Edmond Sumner\sumneed01,PG,23,IND,19,2,8.9,0.8,2.6,.327,0.2,1.1,.200,0.6,1.5,.414,.367,0.3,0.6,.417,0.4,0.6,1.0,0.4,0.5,0.3,0.4,1.1,2.2
452,Caleb Swanigan\swanica01,PF,21,POR,18,0,8.1,0.8,2.4,.318,0.1,0.3,.200,0.7,2.2,.333,.330,0.3,0.4,.857,0.7,2.2,2.9,0.4,0.2,0.0,0.9,1.2,1.9
453,Jayson Tatum\tatumja01,SF,20,BOS,72,72,31.3,5.9,13.2,.450,1.4,4.0,.359,4.5,9.2,.489,.504,2.6,3.0,.869,0.9,5.3,6.2,2.0,1.1,0.8,1.5,2.2,15.9
454,Jeff Teague\teaguje01,PG,30,MIN,42,41,30.1,4.2,9.9,.423,0.8,2.5,.333,3.4,7.4,.453,.465,2.9,3.6,.804,0.4,2.1,2.5,8.2,1.0,0.4,2.3,2.1,12.1
455,Garrett Temple\templga01,SG,32,TOT,66,51,27.8,2.8,6.8,.420,1.2,3.6,.331,1.7,3.2,.519,.507,1.1,1.5,.742,0.3,2.5,2.9,1.3,1.0,0.4,0.9,2.7,8.0
455,Garrett Temple\templga01,SG,32,MEM,49,49,31.2,3.4,7.9,.429,1.5,4.3,.352,1.9,3.6,.520,.525,1.2,1.6,.750,0.4,2.7,3.1,1.4,1.0,0.5,1.1,2.7,9.4
455,Garrett Temple\templga01,SG,32,LAC,17,2,17.8,1.3,3.6,.361,0.2,1.5,.154,1.1,2.1,.514,.393,0.9,1.2,.714,0.2,2.0,2.2,1.1,0.8,0.2,0.4,2.8,3.7
456,Milos Teodosic\teodomi01,PG,31,LAC,15,0,10.0,1.1,2.7,.425,0.7,1.8,.370,0.5,0.9,.538,.550,0.3,0.5,.571,0.2,0.9,1.1,2.1,0.2,0.1,1.4,1.8,3.2
457,Jared Terrell\terreja01,SG,23,MIN,10,0,7.5,0.8,2.7,.296,0.4,1.2,.333,0.4,1.5,.267,.370,0.1,0.2,.500,0.1,0.3,0.4,0.7,0.3,0.1,0.8,0.8,2.1
458,Emanuel Terry\terryem01,PF,22,TOT,3,0,7.7,1.3,2.3,.571,0.0,0.0,,1.3,2.3,.571,.571,0.7,1.3,.500,1.0,1.3,2.3,0.7,1.0,0.0,0.7,1.3,3.3
458,Emanuel Terry\terryem01,PF,22,PHO,2,0,10.0,2.0,3.0,.667,0.0,0.0,,2.0,3.0,.667,.667,0.5,1.0,.500,1.0,2.0,3.0,0.5,1.5,0.0,1.0,2.0,4.5
458,Emanuel Terry\terryem01,PF,22,MIA,1,0,3.0,0.0,1.0,.000,0.0,0.0,,0.0,1.0,.000,.000,1.0,2.0,.500,1.0,0.0,1.0,1.0,0.0,0.0,0.0,0.0,1.0
459,Daniel Theis\theisda01,C,26,BOS,58,2,13.9,2.2,4.1,.551,0.4,1.0,.417,1.8,3.0,.597,.604,0.9,1.2,.736,1.3,2.2,3.5,1.1,0.3,0.6,0.5,2.4,5.8
460,Isaiah Thomas\thomais02,PG,29,DEN,10,0,14.7,2.8,7.7,.364,0.9,3.4,.265,1.9,4.3,.442,.422,1.2,1.9,.632,0.5,0.7,1.2,1.7,0.3,0.1,1.7,1.4,7.7
461,Khyri Thomas\thomakh01,SG,22,DET,23,0,8.2,1.0,2.8,.338,0.4,1.5,.286,0.5,1.3,.400,.415,0.3,0.5,.636,0.2,0.7,0.9,0.3,0.3,0.2,0.2,0.9,2.7
462,Lance Thomas\thomala01,PF,30,NYK,40,16,16.2,1.6,4.1,.390,0.5,1.7,.284,1.1,2.4,.464,.448,0.6,0.7,.759,0.5,1.9,2.4,0.5,0.4,0.2,0.5,1.9,4.2
463,Klay Thompson\thompkl01,SG,28,GSW,69,69,34.3,8.6,18.5,.467,3.1,7.8,.398,5.5,10.7,.518,.552,1.8,2.2,.818,0.5,3.5,4.0,2.4,1.2,0.6,1.5,2.1,22.2
464,Tristan Thompson\thomptr01,C,27,CLE,37,35,29.0,4.8,9.2,.524,0.0,0.0,,4.8,9.2,.524,.524,1.5,2.3,.651,4.2,6.6,10.8,2.1,0.8,0.4,1.4,2.3,11.1
465,Sindarius Thornwell\thornsi01,SG,24,LAC,55,1,4.9,0.3,0.9,.333,0.1,0.3,.200,0.2,0.6,.394,.365,0.3,0.5,.692,0.1,0.6,0.7,0.3,0.2,0.1,0.3,0.7,1.0
466,Anthony Tolliver\tollian01,PF,33,MIN,56,0,16.1,1.5,3.9,.389,1.2,3.3,.374,0.3,0.6,.471,.546,0.7,0.9,.813,0.2,2.4,2.6,0.7,0.3,0.3,0.5,1.4,4.9
467,Karl-Anthony Towns\townska01,C,23,MIN,70,70,33.1,9.0,17.1,.524,2.0,4.8,.414,7.0,12.4,.566,.581,4.8,5.7,.835,3.5,9.0,12.5,3.3,0.9,1.7,3.0,3.8,24.7
468,Gary Trent\trentga02,SG,20,POR,11,0,4.4,0.5,2.0,.273,0.3,0.9,.300,0.3,1.1,.250,.341,0.1,0.4,.250,0.0,0.5,0.5,0.1,0.0,0.1,0.2,0.2,1.5
469,Allonzo Trier\trieral01,SG,23,NYK,64,3,22.8,3.6,8.1,.448,0.8,2.1,.394,2.8,6.0,.466,.498,2.8,3.5,.803,0.5,2.6,3.1,1.9,0.4,0.2,1.8,1.8,10.9
470,P.J. Tucker\tuckepj01,PF,33,HOU,73,73,34.9,2.6,6.4,.400,1.8,4.7,.378,0.8,1.7,.460,.538,0.5,0.8,.673,1.5,4.5,6.0,1.2,1.7,0.5,0.8,3.1,7.4
471,Evan Turner\turneev01,PG,30,POR,64,2,22.3,2.8,6.3,.453,0.1,0.7,.152,2.7,5.5,.492,.461,1.0,1.4,.697,0.5,3.9,4.4,3.7,0.5,0.2,1.6,1.6,6.7
472,Myles Turner\turnemy01,C,22,IND,66,66,28.6,5.1,10.6,.483,1.0,2.6,.376,4.2,8.0,.518,.529,1.9,2.6,.724,1.3,5.7,7.0,1.6,0.8,2.7,1.4,2.7,13.2
473,Ekpe Udoh\udohek01,C,31,UTA,42,0,5.4,0.8,1.2,.680,0.0,0.0,,0.8,1.2,.680,.680,0.3,0.4,.647,0.4,0.8,1.2,0.4,0.1,0.5,0.2,0.6,1.9
474,Tyler Ulis\ulisty01,PG,23,CHI,1,0,1.0,0.0,0.0,,0.0,0.0,,0.0,0.0,,,0.0,0.0,,0.0,0.0,0.0,0.0,0.0,0.0,0.0,0.0,0.0
475,Jonas Valanciunas\valanjo01,C,26,TOT,45,23,21.6,5.9,10.3,.570,0.3,1.0,.304,5.6,9.3,.599,.585,2.9,3.6,.799,2.0,6.1,8.1,1.4,0.4,1.0,1.7,2.9,15.0
475,Jonas Valanciunas\valanjo01,C,26,TOR,30,10,18.8,5.0,8.6,.575,0.3,1.0,.300,4.7,7.6,.611,.593,2.6,3.1,.819,1.8,5.4,7.2,1.0,0.4,0.8,1.3,2.7,12.8
475,Jonas Valanciunas\valanjo01,C,26,MEM,15,13,27.2,7.7,13.7,.563,0.3,1.1,.313,7.4,12.7,.584,.575,3.6,4.7,.771,2.4,7.5,9.9,2.1,0.2,1.5,2.6,3.3,19.4
476,Jarred Vanderbilt\vandeja01,PF,19,DEN,11,0,2.5,0.2,0.6,.286,0.0,0.1,.000,0.2,0.5,.333,.286,0.2,0.5,.400,0.3,0.9,1.2,0.2,0.2,0.1,0.2,0.2,0.5
477,Fred VanVleet\vanvlfr01,PG,24,TOR,55,25,27.4,3.8,9.4,.410,1.7,4.6,.373,2.1,4.8,.445,.501,1.5,1.8,.838,0.4,2.2,2.6,4.7,0.9,0.3,1.3,1.8,10.9
478,Noah Vonleh\vonleno01,PF,23,NYK,68,57,25.3,3.0,6.5,.470,0.7,2.0,.336,2.4,4.5,.531,.523,1.6,2.3,.712,1.7,6.1,7.8,1.9,0.7,0.8,1.3,2.6,8.4
479,Nikola Vucevic\vucevni01,C,28,ORL,72,72,31.4,8.8,16.8,.520,1.0,2.8,.366,7.7,14.0,.550,.550,2.2,2.8,.784,2.8,9.3,12.1,3.9,1.0,1.2,1.9,1.9,20.7
480,Dwyane Wade\wadedw01,SG,37,MIA,63,0,25.6,5.6,12.7,.438,1.1,3.3,.327,4.5,9.4,.478,.481,2.0,3.0,.672,0.9,2.9,3.8,4.0,0.8,0.6,2.2,1.6,14.3
481,Moritz Wagner\wagnemo01,C,21,LAL,33,1,8.5,1.4,3.3,.413,0.5,1.7,.309,0.8,1.6,.519,.491,0.7,0.9,.733,0.4,1.3,1.7,0.5,0.3,0.2,0.7,1.0,3.9
482,Dion Waiters\waitedi01,SG,27,MIA,35,21,24.8,4.0,9.7,.413,2.1,5.8,.371,1.9,4.0,.475,.523,0.5,1.0,.472,0.2,2.6,2.8,2.8,0.7,0.2,1.6,1.4,10.7
483,Kemba Walker\walkeke02,PG,28,CHO,72,72,34.8,8.8,20.4,.429,3.2,9.1,.356,5.5,11.3,.487,.508,4.4,5.3,.837,0.6,3.7,4.4,5.8,1.3,0.4,2.7,1.7,25.2
484,Lonnie Walker\walkelo01,SG,20,SAS,9,0,7.9,0.7,3.0,.222,0.2,0.7,.333,0.4,2.3,.190,.259,0.7,0.7,1.000,0.0,1.3,1.3,0.4,0.6,0.2,0.4,0.6,2.2
485,John Wall\walljo01,PG,28,WAS,32,32,34.5,7.7,17.3,.444,1.6,5.3,.302,6.1,12.0,.507,.490,3.8,5.5,.697,0.5,3.2,3.6,8.7,1.5,0.9,3.8,2.2,20.7
486,Tyrone Wallace\wallaty01,PG,24,LAC,54,0,10.2,1.5,3.6,.411,0.1,0.3,.250,1.4,3.3,.426,.422,0.5,0.9,.510,0.4,1.3,1.6,0.7,0.4,0.1,0.5,1.3,3.5
487,Taurean Waller-Prince\princta02,SF,24,ATL,50,42,28.0,4.8,10.7,.448,2.2,5.7,.394,2.5,5.0,.510,.553,1.6,2.0,.837,0.4,3.3,3.7,2.1,1.0,0.3,1.9,2.6,13.4
488,Brad Wanamaker\wanambr01,PG,29,BOS,30,0,8.7,1.2,2.6,.443,0.5,1.1,.500,0.6,1.6,.404,.544,0.5,0.6,.941,0.1,0.9,1.0,1.3,0.3,0.0,0.5,0.7,3.4
489,T.J. Warren\warretj01,SF,25,PHO,43,36,31.6,6.9,14.2,.486,1.8,4.2,.428,5.1,10.0,.510,.549,2.3,2.9,.815,0.7,3.3,4.0,1.5,1.2,0.7,1.2,2.8,18.0
490,Julian Washburn\washbju01,SF,27,MEM,9,2,14.1,0.4,2.3,.190,0.2,1.1,.200,0.2,1.2,.182,.238,0.3,0.4,.750,0.6,2.0,2.6,0.3,0.6,0.0,0.4,0.6,1.4
491,Yuta Watanabe\watanyu01,SG,24,MEM,11,0,9.6,0.9,2.7,.333,0.2,0.9,.200,0.7,1.8,.400,.367,0.6,0.9,.700,0.1,1.7,1.8,0.4,0.2,0.1,0.4,0.4,2.6
492,Thomas Welsh\welshth01,C,22,DEN,11,0,3.3,0.6,1.2,.538,0.3,0.6,.429,0.4,0.5,.667,.654,0.1,0.2,.500,0.0,0.4,0.4,0.5,0.0,0.0,0.1,0.3,1.6
493,Russell Westbrook\westbru01,PG,30,OKC,64,64,35.9,8.7,20.3,.427,1.6,5.6,.287,7.1,14.8,.480,.467,4.2,6.4,.654,1.5,9.6,11.1,10.4,2.0,0.5,4.7,3.5,23.1
494,Derrick White\whitede01,PG,24,SAS,58,46,25.8,3.9,8.1,.486,0.7,2.1,.344,3.2,6.0,.536,.531,1.5,1.9,.766,0.5,3.1,3.7,3.9,1.1,0.7,1.4,2.1,10.1
495,Okaro White\whiteok01,PF,26,WAS,3,0,2.0,0.0,0.7,.000,0.0,0.7,.000,0.0,0.0,,.000,0.0,0.0,,0.3,0.3,0.7,0.0,0.0,0.0,0.0,0.0,0.0
496,Hassan Whiteside\whiteha01,C,29,MIA,64,53,23.9,5.4,9.7,.552,0.0,0.3,.125,5.3,9.5,.564,.554,1.6,3.5,.453,3.7,7.9,11.6,0.8,0.6,2.0,1.4,2.7,12.3
497,Andrew Wiggins\wiggian01,SF,23,MIN,64,64,34.8,6.6,16.4,.403,1.5,4.7,.329,5.1,11.7,.433,.450,2.9,4.1,.693,1.2,3.7,4.8,2.3,1.0,0.7,1.8,2.0,17.6
498,Alan Williams\willial03,PF,26,BRK,4,0,5.5,1.5,2.5,.600,0.0,0.3,.000,1.5,2.3,.667,.600,0.5,1.0,.500,1.0,3.3,4.3,0.8,0.3,0.0,0.3,0.5,3.5
499,C.J. Williams\willicj01,SG,28,MIN,12,0,7.5,1.0,2.2,.462,0.2,0.9,.182,0.8,1.3,.667,.500,0.0,0.0,,0.1,0.3,0.4,0.9,0.3,0.0,0.3,1.1,2.2
500,Johnathan Williams\willijo04,C,23,LAL,15,0,12.7,2.0,3.5,.566,0.0,0.1,.000,2.0,3.5,.577,.566,0.5,1.2,.444,1.5,1.5,3.0,0.4,0.1,0.3,0.7,2.5,4.5
501,Kenrich Williams\willike04,SF,24,NOP,38,21,22.2,2.3,5.9,.390,1.1,3.2,.339,1.2,2.7,.451,.482,0.3,0.4,.647,1.1,3.6,4.7,1.5,0.8,0.3,0.7,2.1,5.9
502,Lou Williams\willilo02,SG,32,LAC,67,0,26.5,6.5,15.4,.426,1.4,3.9,.346,5.2,11.4,.453,.470,5.8,6.6,.880,0.5,2.4,2.9,5.3,0.7,0.1,2.4,1.1,20.2
503,Marvin Williams\willima02,PF,32,CHO,70,70,28.7,3.7,8.8,.424,1.9,5.2,.374,1.8,3.6,.496,.534,0.9,1.2,.767,1.1,4.5,5.5,1.3,0.9,0.8,0.6,2.1,10.3
504,Robert Williams\williro04,C,21,BOS,29,1,8.3,1.1,1.6,.733,0.0,0.0,,1.1,1.6,.733,.733,0.3,0.5,.643,0.8,1.4,2.2,0.2,0.3,1.2,0.3,1.0,2.6
505,Troy Williams\willitr02,SF,24,SAC,18,0,15.9,2.2,4.8,.460,0.8,2.3,.341,1.4,2.6,.565,.540,0.5,0.8,.600,0.5,2.6,3.1,0.6,0.6,0.4,0.4,1.9,5.7
506,D.J. Wilson\wilsodj01,PF,22,MIL,39,0,17.3,2.0,4.8,.414,0.9,2.4,.358,1.1,2.3,.473,.505,0.5,0.9,.500,0.9,3.3,4.2,0.9,0.4,0.5,0.6,1.8,5.3
507,Justise Winslow\winslju01,PF,22,MIA,61,48,29.7,4.9,11.3,.436,1.5,3.8,.380,3.5,7.5,.465,.501,1.4,2.2,.629,1.0,4.5,5.4,4.3,1.1,0.3,2.1,2.6,12.7
508,Christian Wood\woodch01,PF,23,MIL,13,0,4.8,0.9,1.9,.480,0.2,0.4,.600,0.7,1.5,.450,.540,0.8,1.2,.667,0.3,1.2,1.5,0.2,0.0,0.0,0.2,0.2,2.8
509,Delon Wright\wrighde01,PG,26,TOT,66,6,21.1,2.9,6.9,.428,0.6,2.1,.294,2.3,4.8,.486,.472,1.3,1.6,.827,0.9,2.2,3.1,2.7,1.0,0.4,0.9,1.3,7.8
509,Delon Wright\wrighde01,PG,26,TOR,49,2,18.3,2.6,6.0,.433,0.6,1.8,.333,2.0,4.1,.478,.485,1.1,1.2,.869,0.8,1.8,2.6,2.2,0.9,0.3,0.8,1.1,6.9
509,Delon Wright\wrighde01,PG,26,MEM,17,4,29.1,3.9,9.4,.419,0.6,2.7,.217,3.4,6.7,.500,.450,1.9,2.5,.767,1.1,3.5,4.6,4.0,1.2,0.5,1.4,1.9,10.4
510,Guerschon Yabusele\yabusgu01,PF,23,BOS,35,0,5.8,0.7,1.7,.426,0.1,0.6,.238,0.6,1.1,.525,.467,0.4,0.5,.722,0.5,0.7,1.2,0.4,0.2,0.2,0.3,0.8,2.0
511,Nick Young\youngni01,SG,33,DEN,4,0,9.3,0.8,2.3,.333,0.8,2.0,.375,0.0,0.3,.000,.500,0.0,0.0,,0.0,0.3,0.3,0.5,0.0,0.3,0.5,1.0,2.3
512,Thaddeus Young\youngth01,PF,30,IND,73,73,30.7,5.4,10.4,.520,0.6,1.8,.359,4.8,8.6,.553,.551,1.0,1.6,.644,2.4,4.1,6.5,2.4,1.6,0.5,1.5,2.5,12.5
513,Trae Young\youngtr01,PG,20,ATL,74,74,30.8,6.3,15.1,.417,1.9,5.8,.336,4.4,9.3,.467,.481,4.1,5.1,.821,0.7,2.9,3.6,7.9,0.8,0.2,4.0,1.7,18.7
514,Cody Zeller\zelleco01,C,26,CHO,49,47,25.4,3.9,7.0,.551,0.1,0.4,.273,3.8,6.6,.570,.559,2.3,2.9,.787,2.2,4.6,6.8,2.1,0.8,0.8,1.3,3.3,10.1
515,Tyler Zeller\zellety01,C,29,ATL,2,0,5.5,0.0,1.0,.000,0.0,0.5,.000,0.0,0.5,.000,.000,0.0,0.0,,1.0,2.0,3.0,0.5,0.0,0.0,0.0,2.0,0.0
516,Ante Zizic\zizican01,C,22,CLE,53,23,18.4,3.0,5.5,.536,0.0,0.0,,3.0,5.5,.536,.536,1.5,2.1,.714,1.7,3.6,5.4,0.8,0.2,0.4,1.0,2.0,7.4
517,Ivica Zubac\zubaciv01,C,21,TOT,50,29,17.1,3.4,6.4,.539,0.0,0.0,,3.4,6.4,.539,.539,1.8,2.2,.802,2.0,4.0,5.9,1.1,0.2,0.9,1.2,2.3,8.7
517,Ivica Zubac\zubaciv01,C,21,LAL,33,12,15.6,3.4,5.8,.580,0.0,0.0,,3.4,5.8,.580,.580,1.7,2.0,.864,1.6,3.3,4.9,0.8,0.1,0.8,1.0,2.2,8.5
517,Ivica Zubac\zubaciv01,C,21,LAC,17,17,19.9,3.5,7.4,.476,0.0,0.0,,3.5,7.4,.476,.476,1.9,2.6,.711,2.6,5.3,7.9,1.8,0.2,0.9,1.5,2.5,8.9
